Kind,Name,CountInput,CountLine,CountLineBlank,CountLineCode,CountLineCodeDecl,CountLineCodeExe,CountLineComment,CountOutput,CountPath,CountPathLog,CountSemicolon,CountStmt,CountStmtDecl,CountStmtExe,Cyclomatic,CyclomaticModified,CyclomaticStrict,Essential,Knots,MaxEssentialKnots,MaxNesting,MinEssentialKnots,RatioCommentToCode
Constructor,net.objecthunter.exp4j.ArrayStack.ArrayStack(),2,3,0,3,1,1,0,2,1,0,1,2,1,1,1,1,1,1,0,0,0,0,0.00
Constructor,net.objecthunter.exp4j.ArrayStack.ArrayStack(int),13,9,1,8,1,5,0,3,2,0,3,5,1,4,2,2,2,1,0,0,1,0,0.00
Method,net.objecthunter.exp4j.ArrayStack.isEmpty(),4,3,0,3,1,1,0,1,1,0,1,2,1,1,1,1,1,1,0,0,0,0,0.00
Method,net.objecthunter.exp4j.ArrayStack.peek(),7,6,0,6,1,3,0,1,2,0,2,4,1,3,2,2,2,1,0,0,1,0,0.00
Method,net.objecthunter.exp4j.ArrayStack.pop(),9,6,0,6,1,3,0,2,2,0,2,4,1,3,2,2,2,1,0,0,1,0,0.00
Method,net.objecthunter.exp4j.ArrayStack.push(double),14,9,1,8,2,5,0,3,2,0,4,6,2,4,2,2,2,1,0,0,1,0,0.00
Method,net.objecthunter.exp4j.ArrayStack.size(),6,3,0,3,1,1,0,1,1,0,1,2,1,1,1,1,1,1,0,0,0,0,0.00
Public Constructor,net.objecthunter.exp4j.ArrayStackTest.ArrayStackTest(),0,2,0,2,1,0,0,1,1,0,0,1,1,0,1,1,1,1,0,0,0,0,0.00
Public Method,net.objecthunter.exp4j.ArrayStackTest.testConstructor(),0,3,0,3,2,1,0,1,1,0,1,2,2,0,1,1,1,1,0,0,0,0,0.00
Public Method,net.objecthunter.exp4j.ArrayStackTest.testIsEmpty(),0,20,0,20,2,18,0,7,1,0,18,19,2,17,1,1,1,1,0,0,0,0,0.00
Public Method,net.objecthunter.exp4j.ArrayStackTest.testPeek(),0,11,2,9,2,6,0,4,2,0,7,9,3,6,2,2,2,1,0,0,1,0,0.00
Public Method,net.objecthunter.exp4j.ArrayStackTest.testPeek2(),0,11,0,11,3,8,0,4,2,0,9,11,4,7,2,2,2,1,0,0,1,0,0.00
Public Method,net.objecthunter.exp4j.ArrayStackTest.testPeekNoData(),0,4,0,4,2,2,0,2,1,0,2,3,2,1,1,1,1,1,0,0,0,0,0.00
Public Method,net.objecthunter.exp4j.ArrayStackTest.testPop(),0,11,2,9,2,5,0,4,4,1,5,8,3,5,3,3,3,1,0,0,1,0,0.00
Public Method,net.objecthunter.exp4j.ArrayStackTest.testPop2(),0,11,2,9,2,5,0,3,4,1,5,8,3,5,3,3,3,1,0,0,1,0,0.00
Public Method,net.objecthunter.exp4j.ArrayStackTest.testPop3(),0,12,2,10,2,7,0,7,2,0,8,10,3,7,2,2,2,1,0,0,1,0,0.00
Public Method,net.objecthunter.exp4j.ArrayStackTest.testPopNoData(),0,4,0,4,2,2,0,2,1,0,2,3,2,1,1,1,1,1,0,0,0,0,0.00
Public Method,net.objecthunter.exp4j.ArrayStackTest.testPushLessSize(),0,9,2,7,2,4,0,4,2,0,5,7,3,4,2,2,2,1,0,0,1,0,0.00
Public Method,net.objecthunter.exp4j.ArrayStackTest.testPushNoSize(),0,9,2,7,2,5,0,4,1,0,5,6,2,4,1,1,1,1,0,0,0,0,0.00
Public Method,net.objecthunter.exp4j.ArrayStackTest.testSize(),0,10,0,10,2,8,0,6,1,0,8,9,2,7,1,1,1,1,0,0,0,0,0.00
Public Method,net.objecthunter.exp4j.ConcurrencyTests.testFutureEvaluation(),0,33,4,29,7,25,0,10,4,1,16,19,9,10,3,3,3,1,0,0,1,0,0.00
Public Constructor,net.objecthunter.exp4j.Expression.Expression(Expression),5,11,0,6,1,4,5,6,1,0,4,5,1,4,1,1,1,1,0,0,0,0,0.83
Constructor,net.objecthunter.exp4j.Expression.Expression(Token[]),4,5,0,5,1,3,0,6,1,0,3,4,1,3,1,1,1,1,0,0,0,0,0.00
Constructor,"net.objecthunter.exp4j.Expression.Expression(Token[],Set<String>)",3,5,0,5,1,3,0,5,1,0,3,4,1,3,1,1,1,1,0,0,0,0,0.00
Private Method,net.objecthunter.exp4j.Expression.checkVariableName(String),3,5,0,5,1,2,0,2,2,0,1,3,1,2,2,2,3,1,0,0,1,0,0.00
Private Static Method,net.objecthunter.exp4j.Expression.createDefaultVariables(),2,8,0,8,2,6,0,2,1,0,6,7,2,5,1,1,1,1,0,0,0,0,0.00
Public Method,net.objecthunter.exp4j.Expression.evaluate(),210,47,0,44,12,34,3,17,30,1,26,39,14,25,13,13,13,1,4,0,3,0,0.07
Public Method,net.objecthunter.exp4j.Expression.evaluateAsync(ExecutorService),3,8,0,8,1,5,0,2,1,0,2,4,2,2,1,1,1,1,0,0,0,0,0.00
Public Method,net.objecthunter.exp4j.Expression.evaluateAsync.(Anon_1).call(),0,3,0,3,0,2,0,2,1,0,1,2,1,1,1,1,1,1,0,0,0,0,0.00
Public Method,net.objecthunter.exp4j.Expression.getVariableNames(),5,8,0,8,2,5,0,4,3,0,3,7,3,4,3,3,3,1,0,0,2,0,0.00
Public Method,"net.objecthunter.exp4j.Expression.setVariable(String,double)",61,5,0,5,1,3,0,4,1,0,3,4,1,3,1,1,1,1,0,0,0,0,0.00
Public Method,"net.objecthunter.exp4j.Expression.setVariables(Map<String,Double>)",1,6,0,6,1,3,0,5,2,0,2,5,2,3,2,2,2,1,0,0,1,0,0.00
Public Method,net.objecthunter.exp4j.Expression.validate(),9,3,0,3,1,1,0,2,1,0,1,2,1,1,1,1,1,1,0,0,0,0,0.00
Public Method,net.objecthunter.exp4j.Expression.validate(boolean),36,58,2,48,7,35,8,12,160,2,19,34,9,25,17,14,17,3,7,4,4,3,0.17
Public Constructor,net.objecthunter.exp4j.ExpressionBuilder.ExpressionBuilder(String),250,13,0,9,1,6,4,7,2,0,5,7,1,6,2,2,3,1,0,0,1,0,0.44
Public Method,net.objecthunter.exp4j.ExpressionBuilder.build(),182,22,0,16,1,11,6,8,6,1,7,12,2,10,4,4,5,1,0,0,2,0,0.38
Private Method,net.objecthunter.exp4j.ExpressionBuilder.checkOperatorSymbol(Operator),2,8,0,8,2,4,0,3,3,0,2,6,3,3,3,3,3,1,0,0,2,0,0.00
Public Method,net.objecthunter.exp4j.ExpressionBuilder.function(Function),19,9,0,4,1,2,5,3,1,0,2,3,1,2,1,1,1,1,0,0,0,0,1.25
Public Method,net.objecthunter.exp4j.ExpressionBuilder.functions(Function...),14,11,0,6,1,3,5,3,2,0,2,5,2,3,2,2,2,1,0,0,1,0,0.83
Public Method,net.objecthunter.exp4j.ExpressionBuilder.functions(List<Function>),2,11,0,6,1,3,5,3,2,0,2,5,2,3,2,2,2,1,0,0,1,0,0.83
Public Method,net.objecthunter.exp4j.ExpressionBuilder.implicitMultiplication(boolean),5,4,0,4,1,2,0,2,1,0,2,3,1,2,1,1,1,1,0,0,0,0,0.00
Public Method,net.objecthunter.exp4j.ExpressionBuilder.operator(List<Operator>),1,11,0,6,1,3,5,2,2,0,2,5,2,3,2,2,2,1,0,0,1,0,0.83
Public Method,net.objecthunter.exp4j.ExpressionBuilder.operator(Operator),15,10,0,5,1,3,5,4,1,0,3,4,1,3,1,1,1,1,0,0,0,0,1.00
Public Method,net.objecthunter.exp4j.ExpressionBuilder.operator(Operator...),1,11,0,6,1,3,5,2,2,0,2,5,2,3,2,2,2,1,0,0,1,0,0.83
Public Method,net.objecthunter.exp4j.ExpressionBuilder.variable(String),22,9,0,4,1,2,5,2,1,0,2,3,1,2,1,1,1,1,0,0,0,0,1.25
Public Method,net.objecthunter.exp4j.ExpressionBuilder.variables(Set<String>),2,9,0,4,1,2,5,2,1,0,2,3,1,2,1,1,1,1,0,0,0,0,1.25
Public Method,net.objecthunter.exp4j.ExpressionBuilder.variables(String...),39,9,0,4,1,2,5,2,1,0,2,3,1,2,1,1,1,1,0,0,0,0,1.25
Public Method,net.objecthunter.exp4j.ExpressionBuilderTest.testCustomPercent(),0,24,2,22,7,17,0,5,1,0,9,12,6,6,1,1,1,1,0,0,0,0,0.00
Public Method,net.objecthunter.exp4j.ExpressionBuilderTest.testCustomPercent.(Anon_46).apply(double...),1,9,0,9,2,7,0,2,2,0,4,6,3,3,2,2,2,1,1,0,1,0,0.00
Public Method,net.objecthunter.exp4j.ExpressionBuilderTest.testDocumentationExample1(),0,10,0,10,5,8,0,7,1,0,4,5,4,1,1,1,1,1,0,0,0,0,0.00
Public Method,net.objecthunter.exp4j.ExpressionBuilderTest.testDocumentationExample10(),1,13,0,13,4,8,0,4,1,0,5,8,4,4,1,1,1,1,0,0,0,0,0.00
Public Method,net.objecthunter.exp4j.ExpressionBuilderTest.testDocumentationExample10.(Anon_40).apply(double...),1,6,0,6,0,4,0,1,2,0,2,4,1,3,2,2,2,1,0,0,1,0,0.00
Public Method,net.objecthunter.exp4j.ExpressionBuilderTest.testDocumentationExample11(),0,13,2,11,4,9,0,11,1,0,7,8,3,5,1,1,1,1,0,0,0,0,0.00
Public Method,net.objecthunter.exp4j.ExpressionBuilderTest.testDocumentationExample12(),0,9,1,8,4,6,0,8,1,0,4,5,3,2,1,1,1,1,0,0,0,0,0.00
Public Method,net.objecthunter.exp4j.ExpressionBuilderTest.testDocumentationExample2(),0,11,0,11,6,9,0,9,1,0,5,6,5,1,1,1,1,1,0,0,0,0,0.00
Public Method,net.objecthunter.exp4j.ExpressionBuilderTest.testDocumentationExample3(),0,9,0,9,3,7,0,7,1,0,2,3,2,1,1,1,1,1,0,0,0,0,0.00
Public Method,net.objecthunter.exp4j.ExpressionBuilderTest.testDocumentationExample4(),0,6,0,6,4,4,0,4,1,0,4,5,4,1,1,1,1,1,0,0,0,0,0.00
Public Method,net.objecthunter.exp4j.ExpressionBuilderTest.testDocumentationExample5(),0,7,0,7,5,5,0,5,1,0,4,5,4,1,1,1,1,1,0,0,0,0,0.00
Public Method,net.objecthunter.exp4j.ExpressionBuilderTest.testDocumentationExample6(),0,14,0,14,6,10,0,5,1,0,5,7,5,2,1,1,1,1,0,0,0,0,0.00
Public Method,net.objecthunter.exp4j.ExpressionBuilderTest.testDocumentationExample6.(Anon_36).apply(double...),1,3,0,3,0,2,0,2,1,0,1,2,1,1,1,1,1,1,0,0,0,0,0.00
Public Method,net.objecthunter.exp4j.ExpressionBuilderTest.testDocumentationExample7(),0,20,2,18,7,13,0,5,1,0,7,11,7,4,1,1,1,1,0,0,0,0,0.00
Public Method,net.objecthunter.exp4j.ExpressionBuilderTest.testDocumentationExample7.(Anon_37).apply(double...),2,7,0,7,1,5,0,1,2,0,3,6,3,3,2,2,2,1,0,0,1,0,0.00
Public Method,net.objecthunter.exp4j.ExpressionBuilderTest.testDocumentationExample8(),1,28,3,25,8,18,0,5,1,0,12,17,8,9,1,1,1,1,0,0,0,0,0.00
Public Method,net.objecthunter.exp4j.ExpressionBuilderTest.testDocumentationExample8.(Anon_38).apply(double...),1,14,0,14,2,10,0,1,8,1,8,12,4,8,4,4,4,1,0,0,1,0,0.00
Public Method,net.objecthunter.exp4j.ExpressionBuilderTest.testDocumentationExample9(),1,20,2,18,5,13,0,5,1,0,7,10,4,6,1,1,1,1,0,0,0,0,0.00
Public Method,net.objecthunter.exp4j.ExpressionBuilderTest.testDocumentationExample9.(Anon_39).apply(double[]),1,7,0,7,0,5,0,1,2,0,2,4,1,3,2,2,2,1,1,0,1,0,0.00
Public Method,net.objecthunter.exp4j.ExpressionBuilderTest.testExpression1(),0,9,0,9,5,5,0,4,1,0,6,7,4,3,1,1,1,1,0,0,0,0,0.00
Public Method,net.objecthunter.exp4j.ExpressionBuilderTest.testExpression10(),0,9,0,9,5,5,0,4,1,0,6,7,4,3,1,1,1,1,0,0,0,0,0.00
Public Method,net.objecthunter.exp4j.ExpressionBuilderTest.testExpression11(),0,12,0,12,7,10,0,9,1,0,6,7,6,1,1,1,1,1,0,0,0,0,0.00
Public Method,net.objecthunter.exp4j.ExpressionBuilderTest.testExpression12(),0,7,0,7,5,5,0,6,1,0,4,5,4,1,1,1,1,1,0,0,0,0,0.00
Public Method,net.objecthunter.exp4j.ExpressionBuilderTest.testExpression13(),0,7,0,7,5,5,0,5,1,0,4,5,4,1,1,1,1,1,0,0,0,0,0.00
Public Method,net.objecthunter.exp4j.ExpressionBuilderTest.testExpression14(),0,7,0,7,5,5,0,5,1,0,4,5,4,1,1,1,1,1,0,0,0,0,0.00
Public Method,net.objecthunter.exp4j.ExpressionBuilderTest.testExpression15(),0,7,0,7,5,5,0,6,1,0,4,5,4,1,1,1,1,1,0,0,0,0,0.00
Public Method,net.objecthunter.exp4j.ExpressionBuilderTest.testExpression16(),0,7,0,7,5,5,0,7,1,0,4,5,4,1,1,1,1,1,0,0,0,0,0.00
Public Method,net.objecthunter.exp4j.ExpressionBuilderTest.testExpression17(),0,12,0,12,7,10,0,6,1,0,6,7,6,1,1,1,1,1,0,0,0,0,0.00
Public Method,net.objecthunter.exp4j.ExpressionBuilderTest.testExpression18(),0,7,0,7,5,5,0,4,1,0,4,5,4,1,1,1,1,1,0,0,0,0,0.00
Public Method,net.objecthunter.exp4j.ExpressionBuilderTest.testExpression19(),0,7,0,7,5,5,0,4,1,0,4,5,4,1,1,1,1,1,0,0,0,0,0.00
Public Method,net.objecthunter.exp4j.ExpressionBuilderTest.testExpression2(),0,9,0,9,5,5,0,4,1,0,6,7,4,3,1,1,1,1,0,0,0,0,0.00
Public Method,net.objecthunter.exp4j.ExpressionBuilderTest.testExpression20(),0,7,0,7,5,5,0,5,1,0,4,5,4,1,1,1,1,1,0,0,0,0,0.00
Public Method,net.objecthunter.exp4j.ExpressionBuilderTest.testExpression21(),0,10,0,10,6,8,0,8,1,0,5,6,5,1,1,1,1,1,0,0,0,0,0.00
Public Method,net.objecthunter.exp4j.ExpressionBuilderTest.testExpression22(),0,10,0,10,6,8,0,8,1,0,5,6,5,1,1,1,1,1,0,0,0,0,0.00
Public Method,net.objecthunter.exp4j.ExpressionBuilderTest.testExpression23(),0,10,0,10,6,8,0,9,1,0,5,6,5,1,1,1,1,1,0,0,0,0,0.00
Public Method,net.objecthunter.exp4j.ExpressionBuilderTest.testExpression24(),0,7,0,7,5,5,0,6,1,0,4,5,4,1,1,1,1,1,0,0,0,0,0.00
Public Method,net.objecthunter.exp4j.ExpressionBuilderTest.testExpression25(),0,7,0,7,5,5,0,5,1,0,4,5,4,1,1,1,1,1,0,0,0,0,0.00
Public Method,net.objecthunter.exp4j.ExpressionBuilderTest.testExpression26(),0,7,0,7,5,5,0,5,1,0,4,5,4,1,1,1,1,1,0,0,0,0,0.00
Public Method,net.objecthunter.exp4j.ExpressionBuilderTest.testExpression27(),0,7,0,7,5,5,0,5,1,0,4,5,4,1,1,1,1,1,0,0,0,0,0.00
Public Method,net.objecthunter.exp4j.ExpressionBuilderTest.testExpression28(),0,7,0,7,5,5,0,6,1,0,4,5,4,1,1,1,1,1,0,0,0,0,0.00
Public Method,net.objecthunter.exp4j.ExpressionBuilderTest.testExpression29(),0,7,0,7,5,5,0,4,1,0,4,5,4,1,1,1,1,1,0,0,0,0,0.00
Public Method,net.objecthunter.exp4j.ExpressionBuilderTest.testExpression3(),0,9,0,9,5,5,0,4,1,0,6,7,4,3,1,1,1,1,0,0,0,0,0.00
Public Method,net.objecthunter.exp4j.ExpressionBuilderTest.testExpression30(),0,7,0,7,5,5,0,6,1,0,4,5,4,1,1,1,1,1,0,0,0,0,0.00
Public Method,net.objecthunter.exp4j.ExpressionBuilderTest.testExpression31(),0,10,0,10,6,8,0,8,1,0,5,6,5,1,1,1,1,1,0,0,0,0,0.00
Public Method,net.objecthunter.exp4j.ExpressionBuilderTest.testExpression32(),0,10,0,10,6,8,0,8,1,0,5,6,5,1,1,1,1,1,0,0,0,0,0.00
Public Method,net.objecthunter.exp4j.ExpressionBuilderTest.testExpression33(),0,10,0,10,6,8,0,8,1,0,5,6,5,1,1,1,1,1,0,0,0,0,0.00
Public Method,net.objecthunter.exp4j.ExpressionBuilderTest.testExpression34(),0,7,0,7,5,5,0,4,1,0,4,5,4,1,1,1,1,1,0,0,0,0,0.00
Public Method,net.objecthunter.exp4j.ExpressionBuilderTest.testExpression4(),0,9,0,9,5,5,0,4,1,0,6,7,4,3,1,1,1,1,0,0,0,0,0.00
Public Method,net.objecthunter.exp4j.ExpressionBuilderTest.testExpression40(),0,7,0,7,5,5,0,4,1,0,4,5,4,1,1,1,1,1,0,0,0,0,0.00
Public Method,net.objecthunter.exp4j.ExpressionBuilderTest.testExpression41(),0,7,0,7,5,5,0,4,1,0,4,5,4,1,1,1,1,1,0,0,0,0,0.00
Public Method,net.objecthunter.exp4j.ExpressionBuilderTest.testExpression42(),0,7,0,7,5,5,0,4,1,0,4,5,4,1,1,1,1,1,0,0,0,0,0.00
Public Method,net.objecthunter.exp4j.ExpressionBuilderTest.testExpression43(),0,8,0,8,6,6,0,4,1,0,5,6,5,1,1,1,1,1,0,0,0,0,0.00
Public Method,net.objecthunter.exp4j.ExpressionBuilderTest.testExpression44(),0,7,0,7,5,5,0,4,1,0,4,5,4,1,1,1,1,1,0,0,0,0,0.00
Public Method,net.objecthunter.exp4j.ExpressionBuilderTest.testExpression45(),0,5,0,5,2,3,0,2,1,0,2,3,2,1,1,1,1,1,0,0,0,0,0.00
Public Method,net.objecthunter.exp4j.ExpressionBuilderTest.testExpression46(),0,5,0,5,2,3,0,2,1,0,2,3,2,1,1,1,1,1,0,0,0,0,0.00
Public Method,net.objecthunter.exp4j.ExpressionBuilderTest.testExpression48(),0,6,0,6,5,4,0,3,1,0,3,4,4,0,1,1,1,1,0,0,0,0,0.00
Public Method,net.objecthunter.exp4j.ExpressionBuilderTest.testExpression49(),0,6,0,6,5,4,0,3,1,0,3,4,4,0,1,1,1,1,0,0,0,0,0.00
Public Method,net.objecthunter.exp4j.ExpressionBuilderTest.testExpression5(),0,9,0,9,5,5,0,4,1,0,6,7,4,3,1,1,1,1,0,0,0,0,0.00
Public Method,net.objecthunter.exp4j.ExpressionBuilderTest.testExpression50(),0,6,0,6,5,4,0,3,1,0,3,4,4,0,1,1,1,1,0,0,0,0,0.00
Public Method,net.objecthunter.exp4j.ExpressionBuilderTest.testExpression51(),0,6,0,6,5,4,0,3,1,0,3,4,4,0,1,1,1,1,0,0,0,0,0.00
Public Method,net.objecthunter.exp4j.ExpressionBuilderTest.testExpression52(),0,6,0,6,5,4,0,3,1,0,3,4,4,0,1,1,1,1,0,0,0,0,0.00
Public Method,net.objecthunter.exp4j.ExpressionBuilderTest.testExpression53(),0,9,0,9,4,7,0,9,1,0,5,6,3,3,1,1,1,1,0,0,0,0,0.00
Public Method,net.objecthunter.exp4j.ExpressionBuilderTest.testExpression54(),0,8,0,8,4,6,0,6,1,0,4,5,3,2,1,1,1,1,0,0,0,0,0.00
Public Method,net.objecthunter.exp4j.ExpressionBuilderTest.testExpression55(),0,8,0,8,4,6,0,7,1,0,4,5,3,2,1,1,1,1,0,0,0,0,0.00
Public Method,net.objecthunter.exp4j.ExpressionBuilderTest.testExpression56(),0,8,0,8,4,6,0,7,1,0,4,5,3,2,1,1,1,1,0,0,0,0,0.00
Public Method,net.objecthunter.exp4j.ExpressionBuilderTest.testExpression57(),1,6,0,6,4,4,0,4,1,0,3,4,3,1,1,1,1,1,0,0,0,0,0.00
Public Method,net.objecthunter.exp4j.ExpressionBuilderTest.testExpression58(),0,6,0,6,4,4,0,5,1,0,3,4,3,1,1,1,1,1,0,0,0,0,0.00
Public Method,net.objecthunter.exp4j.ExpressionBuilderTest.testExpression59(),0,4,0,4,3,2,0,2,1,0,1,2,2,0,1,1,1,1,0,0,0,0,0.00
Public Method,net.objecthunter.exp4j.ExpressionBuilderTest.testExpression6(),0,9,0,9,5,5,0,4,1,0,6,7,4,3,1,1,1,1,0,0,0,0,0.00
Public Method,net.objecthunter.exp4j.ExpressionBuilderTest.testExpression60(),0,5,0,5,3,3,0,3,1,0,2,3,2,1,1,1,1,1,0,0,0,0,0.00
Public Method,net.objecthunter.exp4j.ExpressionBuilderTest.testExpression61(),0,5,0,5,3,3,0,3,1,0,2,3,2,1,1,1,1,1,0,0,0,0,0.00
Public Method,net.objecthunter.exp4j.ExpressionBuilderTest.testExpression62(),0,7,0,7,3,5,0,7,1,0,2,3,2,1,1,1,1,1,0,0,0,0,0.00
Public Method,net.objecthunter.exp4j.ExpressionBuilderTest.testExpression63(),0,5,0,5,3,3,0,5,1,0,2,3,2,1,1,1,1,1,0,0,0,0,0.00
Public Method,net.objecthunter.exp4j.ExpressionBuilderTest.testExpression64(),0,5,0,5,3,3,0,5,1,0,2,3,2,1,1,1,1,1,0,0,0,0,0.00
Public Method,net.objecthunter.exp4j.ExpressionBuilderTest.testExpression65(),0,8,1,7,3,5,0,6,1,0,2,3,2,1,1,1,1,1,0,0,0,0,0.00
Public Method,net.objecthunter.exp4j.ExpressionBuilderTest.testExpression66(),0,8,1,7,3,5,0,6,1,0,2,3,2,1,1,1,1,1,0,0,0,0,0.00
Public Method,net.objecthunter.exp4j.ExpressionBuilderTest.testExpression67(),0,9,1,8,3,6,0,7,1,0,2,3,2,1,1,1,1,1,0,0,0,0,0.00
Public Method,net.objecthunter.exp4j.ExpressionBuilderTest.testExpression68(),0,7,0,7,3,5,0,6,1,0,2,3,2,1,1,1,1,1,0,0,0,0,0.00
Public Method,net.objecthunter.exp4j.ExpressionBuilderTest.testExpression69(),0,7,0,7,3,5,0,6,1,0,2,3,2,1,1,1,1,1,0,0,0,0,0.00
Public Method,net.objecthunter.exp4j.ExpressionBuilderTest.testExpression7(),0,9,0,9,5,5,0,4,1,0,6,7,4,3,1,1,1,1,0,0,0,0,0.00
Public Method,net.objecthunter.exp4j.ExpressionBuilderTest.testExpression70(),0,7,0,7,3,5,0,6,1,0,2,3,2,1,1,1,1,1,0,0,0,0,0.00
Public Method,net.objecthunter.exp4j.ExpressionBuilderTest.testExpression71(),0,7,0,7,3,5,0,6,1,0,2,3,2,1,1,1,1,1,0,0,0,0,0.00
Public Method,net.objecthunter.exp4j.ExpressionBuilderTest.testExpression72(),0,7,0,7,3,5,0,7,1,0,2,3,2,1,1,1,1,1,0,0,0,0,0.00
Public Method,net.objecthunter.exp4j.ExpressionBuilderTest.testExpression73(),0,7,0,7,3,5,0,7,1,0,2,3,2,1,1,1,1,1,0,0,0,0,0.00
Public Method,net.objecthunter.exp4j.ExpressionBuilderTest.testExpression74(),0,7,0,7,3,5,0,7,1,0,2,3,2,1,1,1,1,1,0,0,0,0,0.00
Public Method,net.objecthunter.exp4j.ExpressionBuilderTest.testExpression75(),0,7,0,7,3,5,0,7,1,0,2,3,2,1,1,1,1,1,0,0,0,0,0.00
Public Method,net.objecthunter.exp4j.ExpressionBuilderTest.testExpression76(),1,7,0,7,3,5,0,7,1,0,2,3,2,1,1,1,1,1,0,0,0,0,0.00
Public Method,net.objecthunter.exp4j.ExpressionBuilderTest.testExpression77(),1,7,0,7,3,5,0,7,1,0,2,3,2,1,1,1,1,1,0,0,0,0,0.00
Public Method,net.objecthunter.exp4j.ExpressionBuilderTest.testExpression78(),1,7,0,7,3,5,0,7,1,0,2,3,2,1,1,1,1,1,0,0,0,0,0.00
Public Method,net.objecthunter.exp4j.ExpressionBuilderTest.testExpression79(),1,7,0,7,3,5,0,7,1,0,2,3,2,1,1,1,1,1,0,0,0,0,0.00
Public Method,net.objecthunter.exp4j.ExpressionBuilderTest.testExpression8(),0,9,0,9,5,5,0,4,1,0,6,7,4,3,1,1,1,1,0,0,0,0,0.00
Public Method,net.objecthunter.exp4j.ExpressionBuilderTest.testExpression80(),1,8,0,8,3,6,0,8,1,0,2,3,2,1,1,1,1,1,0,0,0,0,0.00
Public Method,net.objecthunter.exp4j.ExpressionBuilderTest.testExpression81(),1,8,0,8,3,6,0,8,1,0,2,3,2,1,1,1,1,1,0,0,0,0,0.00
Public Method,net.objecthunter.exp4j.ExpressionBuilderTest.testExpression82(),1,7,0,7,3,5,0,7,1,0,2,3,2,1,1,1,1,1,0,0,0,0,0.00
Public Method,net.objecthunter.exp4j.ExpressionBuilderTest.testExpression83(),1,8,0,8,3,6,0,9,1,0,2,3,2,1,1,1,1,1,0,0,0,0,0.00
Public Method,net.objecthunter.exp4j.ExpressionBuilderTest.testExpression84(),1,7,0,7,3,5,0,6,1,0,2,3,2,1,1,1,1,1,0,0,0,0,0.00
Public Method,net.objecthunter.exp4j.ExpressionBuilderTest.testExpression85(),0,7,0,7,3,5,0,6,1,0,2,3,2,1,1,1,1,1,0,0,0,0,0.00
Public Method,net.objecthunter.exp4j.ExpressionBuilderTest.testExpression9(),0,9,0,9,5,5,0,4,1,0,6,7,4,3,1,1,1,1,0,0,0,0,0.00
Public Method,net.objecthunter.exp4j.ExpressionBuilderTest.testExpressionBuilder01(),0,9,0,9,4,7,0,6,1,0,3,4,3,1,1,1,1,1,0,0,0,0,0.00
Public Method,net.objecthunter.exp4j.ExpressionBuilderTest.testExpressionBuilder02(),0,9,0,9,4,7,0,6,1,0,3,4,3,1,1,1,1,1,0,0,0,0,0.00
Public Method,net.objecthunter.exp4j.ExpressionBuilderTest.testExpressionBuilder03(),0,12,0,12,6,10,0,8,1,0,5,6,5,1,1,1,1,1,0,0,0,0,0.00
Public Method,net.objecthunter.exp4j.ExpressionBuilderTest.testExpressionBuilder04(),0,18,0,18,6,15,0,8,1,0,11,12,5,7,1,1,1,1,0,0,0,0,0.00
Public Method,net.objecthunter.exp4j.ExpressionBuilderTest.testExpressionBuilder05(),0,11,0,11,6,9,0,6,1,0,5,6,5,1,1,1,1,1,0,0,0,0,0.00
Public Method,net.objecthunter.exp4j.ExpressionBuilderTest.testExpressionBuilder06(),0,13,0,13,7,11,0,6,1,0,9,10,6,4,1,1,1,1,0,0,0,0,0.00
Public Method,net.objecthunter.exp4j.ExpressionBuilderTest.testExpressionBuilder07(),0,9,0,9,5,7,0,8,1,0,4,5,4,1,1,1,1,1,0,0,0,0,0.00
Public Method,net.objecthunter.exp4j.ExpressionBuilderTest.testExpressionBuilder08(),0,9,0,9,5,7,0,8,1,0,4,5,4,1,1,1,1,1,0,0,0,0,0.00
Public Method,net.objecthunter.exp4j.ExpressionBuilderTest.testExpressionBuilder1(),0,6,0,6,3,4,0,4,1,0,2,3,2,1,1,1,1,1,0,0,0,0,0.00
Public Method,net.objecthunter.exp4j.ExpressionBuilderTest.testExpressionBuilder10(),0,6,0,6,3,4,0,4,1,0,2,3,2,1,1,1,1,1,0,0,0,0,0.00
Public Method,net.objecthunter.exp4j.ExpressionBuilderTest.testExpressionBuilder11(),0,6,0,6,3,4,0,4,1,0,2,3,2,1,1,1,1,1,0,0,0,0,0.00
Public Method,net.objecthunter.exp4j.ExpressionBuilderTest.testExpressionBuilder12(),0,6,0,6,3,4,0,4,1,0,2,3,2,1,1,1,1,1,0,0,0,0,0.00
Public Method,net.objecthunter.exp4j.ExpressionBuilderTest.testExpressionBuilder13(),0,6,0,6,3,4,0,4,1,0,2,3,2,1,1,1,1,1,0,0,0,0,0.00
Public Method,net.objecthunter.exp4j.ExpressionBuilderTest.testExpressionBuilder14(),0,6,0,6,3,4,0,4,1,0,2,3,2,1,1,1,1,1,0,0,0,0,0.00
Public Method,net.objecthunter.exp4j.ExpressionBuilderTest.testExpressionBuilder15(),0,5,0,5,3,3,0,3,1,0,1,2,2,0,1,1,1,1,0,0,0,0,0.00
Public Method,net.objecthunter.exp4j.ExpressionBuilderTest.testExpressionBuilder16(),0,8,0,8,3,6,0,5,1,0,1,2,2,0,1,1,1,1,0,0,0,0,0.00
Public Method,net.objecthunter.exp4j.ExpressionBuilderTest.testExpressionBuilder17(),0,9,0,9,4,7,0,10,1,0,5,6,3,3,1,1,1,1,0,0,0,0,0.00
Public Method,net.objecthunter.exp4j.ExpressionBuilderTest.testExpressionBuilder18(),0,9,0,9,4,7,0,10,1,0,5,6,3,3,1,1,1,1,0,0,0,0,0.00
Public Method,net.objecthunter.exp4j.ExpressionBuilderTest.testExpressionBuilder19(),0,9,0,9,4,7,0,10,1,0,5,6,3,3,1,1,1,1,0,0,0,0,0.00
Public Method,net.objecthunter.exp4j.ExpressionBuilderTest.testExpressionBuilder2(),0,9,0,9,4,7,0,7,1,0,3,4,3,1,1,1,1,1,0,0,0,0,0.00
Public Method,net.objecthunter.exp4j.ExpressionBuilderTest.testExpressionBuilder3(),0,11,1,10,5,8,0,8,1,0,4,5,4,1,1,1,1,1,0,0,0,0,0.00
Public Method,net.objecthunter.exp4j.ExpressionBuilderTest.testExpressionBuilder4(),0,16,2,14,6,10,0,5,1,0,5,7,5,2,1,1,1,1,0,0,0,0,0.00
Public Method,net.objecthunter.exp4j.ExpressionBuilderTest.testExpressionBuilder4.(Anon_1).apply(double...),1,3,0,3,0,2,0,2,1,0,1,2,1,1,1,1,1,1,0,0,0,0,0.00
Public Method,net.objecthunter.exp4j.ExpressionBuilderTest.testExpressionBuilder5(),0,20,2,18,7,13,0,5,1,0,7,11,7,4,1,1,1,1,0,0,0,0,0.00
Public Method,net.objecthunter.exp4j.ExpressionBuilderTest.testExpressionBuilder5.(Anon_2).apply(double...),2,7,0,7,1,5,0,1,2,0,3,6,3,3,2,2,2,1,0,0,1,0,0.00
Public Method,net.objecthunter.exp4j.ExpressionBuilderTest.testExpressionBuilder6(),1,28,3,25,8,18,0,5,1,0,12,17,8,9,1,1,1,1,0,0,0,0,0.00
Public Method,net.objecthunter.exp4j.ExpressionBuilderTest.testExpressionBuilder6.(Anon_3).apply(double...),1,14,0,14,2,10,0,1,8,1,8,12,4,8,4,4,4,1,0,0,1,0,0.00
Public Method,net.objecthunter.exp4j.ExpressionBuilderTest.testExpressionBuilder7(),0,8,0,8,3,6,0,9,1,0,3,4,2,2,1,1,1,1,0,0,0,0,0.00
Public Method,net.objecthunter.exp4j.ExpressionBuilderTest.testExpressionBuilder8(),0,8,0,8,3,6,0,9,1,0,3,4,2,2,1,1,1,1,0,0,0,0,0.00
Public Method,net.objecthunter.exp4j.ExpressionBuilderTest.testExpressionBuilder9(),0,8,0,8,3,6,0,7,1,0,2,3,2,1,1,1,1,1,0,0,0,0,0.00
Public Method,net.objecthunter.exp4j.ExpressionBuilderTest.testExpressionMultiplication(),0,7,0,7,5,5,0,4,1,0,4,5,4,1,1,1,1,1,0,0,0,0,0.00
Public Method,net.objecthunter.exp4j.ExpressionBuilderTest.testExpressionPower(),0,7,0,7,5,5,0,5,1,0,4,5,4,1,1,1,1,1,0,0,0,0,0.00
Public Method,net.objecthunter.exp4j.ExpressionBuilderTest.testFailUnknownFunction1(),0,7,0,7,4,4,0,3,1,0,4,5,3,2,1,1,1,1,0,0,0,0,0.00
Public Method,net.objecthunter.exp4j.ExpressionBuilderTest.testFailUnknownFunction2(),0,6,0,6,2,3,0,3,1,0,3,4,2,2,1,1,1,1,0,0,0,0,0.00
Public Method,net.objecthunter.exp4j.ExpressionBuilderTest.testFailUnknownFunction3(),0,8,0,8,5,5,0,4,1,0,5,6,4,2,1,1,1,1,0,0,0,0,0.00
Public Method,net.objecthunter.exp4j.ExpressionBuilderTest.testFunction1(),0,16,1,15,6,11,0,7,1,0,5,7,5,2,1,1,1,1,0,0,0,0,0.00
Public Method,net.objecthunter.exp4j.ExpressionBuilderTest.testFunction1.(Anon_4).apply(double...),1,3,0,3,0,2,0,1,1,0,1,2,1,1,1,1,1,1,0,0,0,0,0.00
Public Method,net.objecthunter.exp4j.ExpressionBuilderTest.testFunction10(),0,17,1,16,5,11,0,7,1,0,4,6,4,2,1,1,1,1,0,0,0,0,0.00
Public Method,net.objecthunter.exp4j.ExpressionBuilderTest.testFunction10.(Anon_14).apply(double...),1,3,0,3,0,2,0,1,1,0,1,2,1,1,2,2,2,1,0,0,0,0,0.00
Public Method,net.objecthunter.exp4j.ExpressionBuilderTest.testFunction11(),0,18,1,17,5,12,0,8,1,0,4,6,4,2,1,1,1,1,0,0,0,0,0.00
Public Method,net.objecthunter.exp4j.ExpressionBuilderTest.testFunction11.(Anon_15).apply(double...),1,3,0,3,0,2,0,2,1,0,1,2,1,1,1,1,1,1,0,0,0,0,0.00
Public Method,net.objecthunter.exp4j.ExpressionBuilderTest.testFunction12(),0,19,1,18,6,12,0,5,1,0,8,12,6,6,1,1,1,1,0,0,0,0,0.00
Public Method,net.objecthunter.exp4j.ExpressionBuilderTest.testFunction12.(Anon_16).apply(double...),2,9,0,9,1,6,0,1,3,0,5,8,3,5,3,3,3,1,0,0,2,0,0.00
Public Method,net.objecthunter.exp4j.ExpressionBuilderTest.testFunction13(),0,22,1,21,7,15,0,7,1,0,9,13,7,6,1,1,1,1,0,0,0,0,0.00
Public Method,net.objecthunter.exp4j.ExpressionBuilderTest.testFunction13.(Anon_17).apply(double...),2,9,0,9,1,6,0,1,3,0,5,8,3,5,3,3,3,1,0,0,2,0,0.00
Public Method,net.objecthunter.exp4j.ExpressionBuilderTest.testFunction14(),0,18,1,17,8,13,0,8,1,0,7,9,7,2,1,1,1,1,0,0,0,0,0.00
Public Method,net.objecthunter.exp4j.ExpressionBuilderTest.testFunction14.(Anon_18).apply(double...),1,3,0,3,0,2,0,1,1,0,1,2,1,1,1,1,1,1,0,0,0,0,0.00
Public Method,net.objecthunter.exp4j.ExpressionBuilderTest.testFunction15(),0,18,1,17,8,13,0,7,1,0,7,9,7,2,1,1,1,1,0,0,0,0,0.00
Public Method,net.objecthunter.exp4j.ExpressionBuilderTest.testFunction15.(Anon_19).apply(double...),1,3,0,3,0,2,0,1,1,0,1,2,1,1,1,1,1,1,0,0,0,0,0.00
Public Method,net.objecthunter.exp4j.ExpressionBuilderTest.testFunction16(),0,17,1,16,7,12,0,10,1,0,6,8,6,2,1,1,1,1,0,0,0,0,0.00
Public Method,net.objecthunter.exp4j.ExpressionBuilderTest.testFunction16.(Anon_20).apply(double...),1,3,0,3,0,2,0,1,1,0,1,2,1,1,1,1,1,1,0,0,0,0,0.00
Public Method,net.objecthunter.exp4j.ExpressionBuilderTest.testFunction17(),0,17,1,16,7,12,0,9,1,0,6,8,6,2,1,1,1,1,0,0,0,0,0.00
Public Method,net.objecthunter.exp4j.ExpressionBuilderTest.testFunction17.(Anon_21).apply(double...),1,3,0,3,0,2,0,1,1,0,1,2,1,1,1,1,1,1,0,0,0,0,0.00
Public Method,net.objecthunter.exp4j.ExpressionBuilderTest.testFunction18(),0,17,1,16,7,11,0,5,1,0,7,11,7,4,1,1,1,1,0,0,0,0,0.00
Public Method,net.objecthunter.exp4j.ExpressionBuilderTest.testFunction18.(Anon_22).apply(double[]),2,7,0,7,1,5,0,2,2,0,3,6,3,3,2,2,2,1,0,0,1,0,0.00
Public Method,net.objecthunter.exp4j.ExpressionBuilderTest.testFunction19(),0,13,1,12,6,8,0,6,1,0,5,7,5,2,1,1,1,1,0,0,0,0,0.00
Public Method,net.objecthunter.exp4j.ExpressionBuilderTest.testFunction19.(Anon_23).apply(double[]),1,3,0,3,0,2,0,2,1,0,1,2,1,1,1,1,1,1,0,0,0,0,0.00
Public Method,net.objecthunter.exp4j.ExpressionBuilderTest.testFunction2(),0,16,1,15,6,11,0,8,1,0,5,7,5,2,1,1,1,1,0,0,0,0,0.00
Public Method,net.objecthunter.exp4j.ExpressionBuilderTest.testFunction2.(Anon_5).apply(double...),1,3,0,3,0,2,0,2,1,0,1,2,1,1,1,1,1,1,0,0,0,0,0.00
Public Method,net.objecthunter.exp4j.ExpressionBuilderTest.testFunction20(),0,20,1,19,7,13,0,6,1,0,10,14,7,7,1,1,1,1,0,0,0,0,0.00
Public Method,net.objecthunter.exp4j.ExpressionBuilderTest.testFunction20.(Anon_24).apply(double...),2,9,0,9,1,6,0,1,3,0,5,8,3,5,3,3,3,1,0,0,2,0,0.00
Public Method,net.objecthunter.exp4j.ExpressionBuilderTest.testFunction22(),0,9,0,9,4,6,0,7,1,0,4,5,3,2,1,1,1,1,0,0,0,0,0.00
Public Method,net.objecthunter.exp4j.ExpressionBuilderTest.testFunction23(),0,7,0,7,4,4,0,5,1,0,4,5,3,2,1,1,1,1,0,0,0,0,0.00
Public Method,net.objecthunter.exp4j.ExpressionBuilderTest.testFunction24(),0,7,0,7,4,4,0,4,1,0,4,5,3,2,1,1,1,1,0,0,0,0,0.00
Public Method,net.objecthunter.exp4j.ExpressionBuilderTest.testFunction3(),0,24,2,22,8,16,0,7,1,0,7,10,7,3,1,1,1,1,0,0,0,0,0.00
Public Method,net.objecthunter.exp4j.ExpressionBuilderTest.testFunction3.(Anon_6).apply(double...),1,3,0,3,0,2,0,1,1,0,1,2,1,1,1,1,1,1,0,0,0,0,0.00
Public Method,net.objecthunter.exp4j.ExpressionBuilderTest.testFunction3.(Anon_7).apply(double...),1,3,0,3,0,2,0,1,1,0,1,2,1,1,1,1,1,1,0,0,0,0,0.00
Public Method,net.objecthunter.exp4j.ExpressionBuilderTest.testFunction4(),0,17,1,16,7,12,0,8,1,0,6,8,6,2,1,1,1,1,0,0,0,0,0.00
Public Method,net.objecthunter.exp4j.ExpressionBuilderTest.testFunction4.(Anon_8).apply(double...),1,3,0,3,0,2,0,1,1,0,1,2,1,1,1,1,1,1,0,0,0,0,0.00
Public Method,net.objecthunter.exp4j.ExpressionBuilderTest.testFunction5(),0,25,2,23,9,17,0,8,1,0,8,11,8,3,1,1,1,1,0,0,0,0,0.00
Public Method,net.objecthunter.exp4j.ExpressionBuilderTest.testFunction5.(Anon_10).apply(double...),1,3,0,3,0,2,0,1,1,0,1,2,1,1,1,1,1,1,0,0,0,0,0.00
Public Method,net.objecthunter.exp4j.ExpressionBuilderTest.testFunction5.(Anon_9).apply(double...),1,3,0,3,0,2,0,1,1,0,1,2,1,1,1,1,1,1,0,0,0,0,0.00
Public Method,net.objecthunter.exp4j.ExpressionBuilderTest.testFunction6(),0,24,2,22,9,16,0,8,1,0,8,11,8,3,1,1,1,1,0,0,0,0,0.00
Public Method,net.objecthunter.exp4j.ExpressionBuilderTest.testFunction6.(Anon_11).apply(double...),1,3,0,3,0,2,0,1,1,0,1,2,1,1,1,1,1,1,0,0,0,0,0.00
Public Method,net.objecthunter.exp4j.ExpressionBuilderTest.testFunction6.(Anon_12).apply(double...),1,3,0,3,0,2,0,1,1,0,1,2,1,1,1,1,1,1,0,0,0,0,0.00
Public Method,net.objecthunter.exp4j.ExpressionBuilderTest.testFunction7(),0,15,1,14,5,10,0,7,1,0,4,6,4,2,1,1,1,1,0,0,0,0,0.00
Public Method,net.objecthunter.exp4j.ExpressionBuilderTest.testFunction7.(Anon_13).apply(double...),1,3,0,3,0,2,0,1,1,0,1,2,1,1,1,1,1,1,0,0,0,0,0.00
Public Method,net.objecthunter.exp4j.ExpressionBuilderTest.testGetVariableNames1(),0,9,0,9,4,7,0,6,1,0,5,6,3,3,1,1,1,1,0,0,0,0,0.00
Public Method,net.objecthunter.exp4j.ExpressionBuilderTest.testGetVariableNames2(),0,9,0,9,4,7,0,6,1,0,5,6,3,3,1,1,1,1,0,0,0,0,0.00
Public Method,net.objecthunter.exp4j.ExpressionBuilderTest.testImplicitMulitplicationOffFunction(),0,8,0,8,3,6,0,6,1,0,2,3,2,1,1,1,1,1,0,0,0,0,0.00
Public Method,net.objecthunter.exp4j.ExpressionBuilderTest.testImplicitMulitplicationOffNumber(),0,7,0,7,3,5,0,5,1,0,2,3,2,1,1,1,1,1,0,0,0,0,0.00
Public Method,net.objecthunter.exp4j.ExpressionBuilderTest.testImplicitMulitplicationOffParantheses(),0,7,0,7,3,5,0,5,1,0,2,3,2,1,1,1,1,1,0,0,0,0,0.00
Public Method,net.objecthunter.exp4j.ExpressionBuilderTest.testImplicitMulitplicationOffVariable(),0,7,0,7,3,5,0,5,1,0,2,3,2,1,1,1,1,1,0,0,0,0,0.00
Public Method,net.objecthunter.exp4j.ExpressionBuilderTest.testImplicitMulitplicationOnFunction(),0,7,0,7,3,5,0,7,1,0,2,3,2,1,1,1,1,1,0,0,0,0,0.00
Public Method,net.objecthunter.exp4j.ExpressionBuilderTest.testImplicitMulitplicationOnNumber(),0,7,0,7,3,5,0,6,1,0,2,3,2,1,1,1,1,1,0,0,0,0,0.00
Public Method,net.objecthunter.exp4j.ExpressionBuilderTest.testImplicitMulitplicationOnParantheses(),0,7,0,7,3,5,0,6,1,0,2,3,2,1,1,1,1,1,0,0,0,0,0.00
Public Method,net.objecthunter.exp4j.ExpressionBuilderTest.testImplicitMulitplicationOnVariable(),0,7,0,7,3,5,0,6,1,0,2,3,2,1,1,1,1,1,0,0,0,0,0.00
Public Method,net.objecthunter.exp4j.ExpressionBuilderTest.testInvalidFunction(),0,8,0,8,4,6,0,5,1,0,3,4,3,1,1,1,1,1,0,0,0,0,0.00
Public Method,net.objecthunter.exp4j.ExpressionBuilderTest.testInvalidFunction1(),0,9,1,8,3,4,0,0,1,0,2,4,3,1,1,1,1,1,0,0,0,0,0.00
Public Method,net.objecthunter.exp4j.ExpressionBuilderTest.testInvalidFunction1.(Anon_32).apply(double...),0,3,0,3,0,2,0,1,1,0,1,2,1,1,1,1,1,1,0,0,0,0,0.00
Public Method,net.objecthunter.exp4j.ExpressionBuilderTest.testInvalidFunction2(),0,9,1,8,3,4,0,0,1,0,2,4,3,1,1,1,1,1,0,0,0,0,0.00
Public Method,net.objecthunter.exp4j.ExpressionBuilderTest.testInvalidFunction2.(Anon_33).apply(double...),0,3,0,3,0,2,0,1,1,0,1,2,1,1,1,1,1,1,0,0,0,0,0.00
Public Method,net.objecthunter.exp4j.ExpressionBuilderTest.testInvalidNumberofArguments1(),0,6,0,6,4,4,0,3,1,0,3,4,3,1,1,1,1,1,0,0,0,0,0.00
Public Method,net.objecthunter.exp4j.ExpressionBuilderTest.testInvalidNumberofArguments2(),0,17,1,16,7,11,0,3,1,0,7,11,7,4,1,1,1,1,0,0,0,0,0.00
Public Method,net.objecthunter.exp4j.ExpressionBuilderTest.testInvalidNumberofArguments2.(Anon_35).apply(double...),2,7,0,7,1,5,0,1,2,0,3,6,3,3,2,2,2,1,0,0,1,0,0.00
Public Method,net.objecthunter.exp4j.ExpressionBuilderTest.testInvalidOperator1(),0,11,1,10,3,6,0,3,1,0,3,5,3,2,1,1,1,1,0,0,0,0,0.00
Public Method,net.objecthunter.exp4j.ExpressionBuilderTest.testInvalidOperator1.(Anon_31).apply(double[]),0,3,0,3,0,2,0,1,1,0,1,2,1,1,1,1,1,1,0,0,0,0,0.00
Public Method,net.objecthunter.exp4j.ExpressionBuilderTest.testInvalidVarname(),0,7,0,7,4,5,0,5,1,0,3,4,3,1,1,1,1,1,0,0,0,0,0.00
Public Method,net.objecthunter.exp4j.ExpressionBuilderTest.testMisplacedSeparator(),0,7,0,7,4,5,0,5,1,0,3,4,3,1,1,1,1,1,0,0,0,0,0.00
Public Method,net.objecthunter.exp4j.ExpressionBuilderTest.testMissingVar(),0,8,0,8,4,6,0,5,1,0,3,4,3,1,1,1,1,1,0,0,0,0,0.00
Public Method,net.objecthunter.exp4j.ExpressionBuilderTest.testModulo1(),0,5,0,5,3,3,0,4,1,0,2,3,2,1,1,1,1,1,0,0,0,0,0.00
Public Method,net.objecthunter.exp4j.ExpressionBuilderTest.testOperators1(),1,39,2,37,7,30,0,5,1,0,21,26,7,19,1,1,1,1,0,0,0,0,0.00
Public Method,net.objecthunter.exp4j.ExpressionBuilderTest.testOperators1.(Anon_25).apply(double...),1,14,0,14,2,10,0,1,8,1,8,12,4,8,4,4,4,1,0,0,1,0,0.00
Public Method,net.objecthunter.exp4j.ExpressionBuilderTest.testOperators2(),1,30,1,29,8,22,0,7,1,0,16,21,8,13,1,1,1,1,0,0,0,0,0.00
Public Method,net.objecthunter.exp4j.ExpressionBuilderTest.testOperators2.(Anon_26).apply(double...),1,14,0,14,2,10,0,1,8,1,8,12,4,8,4,4,4,1,0,0,1,0,0.00
Public Method,net.objecthunter.exp4j.ExpressionBuilderTest.testOperators3(),1,25,1,24,5,19,0,5,1,0,11,14,4,10,1,1,1,1,0,0,0,0,0.00
Public Method,net.objecthunter.exp4j.ExpressionBuilderTest.testOperators3.(Anon_27).apply(double[]),1,7,0,7,0,5,0,1,2,0,2,4,1,3,2,2,2,1,1,0,1,0,0.00
Public Method,net.objecthunter.exp4j.ExpressionBuilderTest.testOperators4(),0,63,3,60,9,50,0,5,1,0,26,32,8,24,1,1,1,1,0,0,0,0,0.00
Public Method,net.objecthunter.exp4j.ExpressionBuilderTest.testOperators4.(Anon_28).apply(double[]),1,7,0,7,0,5,0,1,2,0,2,4,1,3,2,2,2,1,1,0,1,0,0.00
Public Method,net.objecthunter.exp4j.ExpressionBuilderTest.testOperators4.(Anon_29).apply(double[]),1,7,0,7,0,5,0,1,2,0,2,4,1,3,2,2,2,1,1,0,1,0,0.00
Public Method,net.objecthunter.exp4j.ExpressionBuilderTest.testOperators4.(Anon_30).apply(double[]),1,3,0,3,0,2,0,1,1,0,1,2,1,1,1,1,1,1,0,0,0,0,0.00
Public Method,net.objecthunter.exp4j.ExpressionBuilderTest.testPostfix1(),0,9,0,9,5,5,0,5,1,0,6,7,4,3,1,1,1,1,0,0,0,0,0.00
Public Method,net.objecthunter.exp4j.ExpressionBuilderTest.testPostfixEverything(),0,9,0,9,5,5,0,7,1,0,6,7,4,3,1,1,1,1,0,0,0,0,0.00
Public Method,net.objecthunter.exp4j.ExpressionBuilderTest.testPostfixExponentation1(),0,9,0,9,5,5,0,5,1,0,6,7,4,3,1,1,1,1,0,0,0,0,0.00
Public Method,net.objecthunter.exp4j.ExpressionBuilderTest.testPostfixExponentation2(),0,9,0,9,5,5,0,5,1,0,6,7,4,3,1,1,1,1,0,0,0,0,0.00
Public Method,net.objecthunter.exp4j.ExpressionBuilderTest.testPostfixExponentation3(),0,12,0,12,6,8,0,7,1,0,7,8,5,3,1,1,1,1,0,0,0,0,0.00
Public Method,net.objecthunter.exp4j.ExpressionBuilderTest.testPostfixExponentation4(),0,12,0,12,6,8,0,8,1,0,7,8,5,3,1,1,1,1,0,0,0,0,0.00
Public Method,net.objecthunter.exp4j.ExpressionBuilderTest.testPostfixFunction1(),0,9,0,9,5,5,0,6,1,0,6,7,4,3,1,1,1,1,0,0,0,0,0.00
Public Method,net.objecthunter.exp4j.ExpressionBuilderTest.testPostfixFunction10(),0,12,0,12,5,7,0,7,2,0,8,10,5,5,2,2,2,1,0,0,1,0,0.00
Public Method,net.objecthunter.exp4j.ExpressionBuilderTest.testPostfixFunction11(),0,13,0,13,5,8,0,8,3,0,9,12,5,7,3,3,3,3,1,1,2,1,0.00
Public Method,net.objecthunter.exp4j.ExpressionBuilderTest.testPostfixFunction12(),0,18,0,18,5,12,0,16,3,0,9,12,5,7,3,3,3,1,1,0,2,0,0.00
Public Method,net.objecthunter.exp4j.ExpressionBuilderTest.testPostfixFunction13(),0,16,0,16,5,10,0,8,3,0,9,12,5,7,3,3,3,1,1,0,2,0,0.00
Public Method,net.objecthunter.exp4j.ExpressionBuilderTest.testPostfixFunction14(),0,16,0,16,5,10,0,8,3,0,9,12,5,7,3,3,3,1,1,0,2,0,0.00
Public Method,net.objecthunter.exp4j.ExpressionBuilderTest.testPostfixFunction15(),0,16,0,16,5,10,0,8,3,0,9,12,5,7,3,3,3,1,1,0,2,0,0.00
Public Method,net.objecthunter.exp4j.ExpressionBuilderTest.testPostfixFunction16(),0,12,0,12,5,7,0,7,2,0,8,10,5,5,2,2,2,1,0,0,1,0,0.00
Public Method,net.objecthunter.exp4j.ExpressionBuilderTest.testPostfixFunction17(),0,12,0,12,5,7,0,7,2,0,8,10,5,5,2,2,2,1,0,0,1,0,0.00
Public Method,net.objecthunter.exp4j.ExpressionBuilderTest.testPostfixFunction18(),0,12,0,12,5,7,0,7,2,0,8,10,5,5,2,2,2,1,0,0,1,0,0.00
Public Method,net.objecthunter.exp4j.ExpressionBuilderTest.testPostfixFunction19(),0,12,0,12,5,7,0,7,2,0,8,10,5,5,2,2,2,1,0,0,1,0,0.00
Public Method,net.objecthunter.exp4j.ExpressionBuilderTest.testPostfixFunction2(),0,9,0,9,5,5,0,4,1,0,6,7,4,3,1,1,1,1,0,0,0,0,0.00
Public Method,net.objecthunter.exp4j.ExpressionBuilderTest.testPostfixFunction20(),0,12,0,12,5,7,0,7,2,0,8,10,5,5,2,2,2,1,0,0,1,0,0.00
Public Method,net.objecthunter.exp4j.ExpressionBuilderTest.testPostfixFunction21(),0,12,0,12,5,7,0,7,2,0,8,10,5,5,2,2,2,1,0,0,1,0,0.00
Public Method,net.objecthunter.exp4j.ExpressionBuilderTest.testPostfixFunction3(),0,9,0,9,5,5,0,4,1,0,6,7,4,3,1,1,1,1,0,0,0,0,0.00
Public Method,net.objecthunter.exp4j.ExpressionBuilderTest.testPostfixFunction5(),0,9,0,9,5,5,0,5,1,0,6,7,4,3,1,1,1,1,0,0,0,0,0.00
Public Method,net.objecthunter.exp4j.ExpressionBuilderTest.testPostfixFunction6(),0,13,0,13,7,9,0,8,1,0,8,9,6,3,1,1,1,1,0,0,0,0,0.00
Public Method,net.objecthunter.exp4j.ExpressionBuilderTest.testPostfixFunction7(),0,11,0,11,6,7,0,7,1,0,7,8,5,3,1,1,1,1,0,0,0,0,0.00
Public Method,net.objecthunter.exp4j.ExpressionBuilderTest.testPostfixFunction8(),0,11,0,11,6,7,0,8,1,0,7,8,5,3,1,1,1,1,0,0,0,0,0.00
Public Method,net.objecthunter.exp4j.ExpressionBuilderTest.testPostfixFunction9(),0,11,0,11,6,7,0,7,1,0,7,8,5,3,1,1,1,1,0,0,0,0,0.00
Public Method,net.objecthunter.exp4j.ExpressionBuilderTest.testPostfixInvalidVariableName(),0,13,0,13,7,9,0,6,1,0,8,9,6,3,1,1,1,1,0,0,0,0,0.00
Public Method,net.objecthunter.exp4j.ExpressionBuilderTest.testPostfixParanthesis(),0,9,0,9,5,5,0,4,1,0,6,7,4,3,1,1,1,1,0,0,0,0,0.00
Public Method,net.objecthunter.exp4j.ExpressionBuilderTest.testPostfixVariables(),0,13,0,13,7,9,0,6,1,0,8,9,6,3,1,1,1,1,0,0,0,0,0.00
Public Method,net.objecthunter.exp4j.ExpressionBuilderTest.testSameName(),0,18,1,17,7,13,0,11,1,0,7,9,6,3,1,1,1,1,0,0,0,0,0.00
Public Method,net.objecthunter.exp4j.ExpressionBuilderTest.testSameName.(Anon_34).apply(double...),1,3,0,3,0,2,0,1,1,0,1,2,1,1,1,1,1,1,0,0,0,0,0.00
Public Method,net.objecthunter.exp4j.ExpressionBuilderTest.testSameVariableAndBuiltinFunctionName(),0,5,0,5,3,3,0,3,1,0,1,2,2,0,1,1,1,1,0,0,0,0,0.00
Public Method,net.objecthunter.exp4j.ExpressionBuilderTest.testSameVariableAndUserFunctionName(),0,11,0,11,3,8,0,4,1,0,2,4,3,1,1,1,1,1,0,0,0,0,0.00
Public Method,net.objecthunter.exp4j.ExpressionBuilderTest.testSameVariableAndUserFunctionName.(Anon_45).apply(double...),0,3,0,3,0,2,0,1,1,0,1,2,1,1,1,1,1,1,0,0,0,0,0.00
Public Method,net.objecthunter.exp4j.ExpressionBuilderTest.testSecondArgumentNegative(),0,13,0,13,5,9,0,5,1,0,4,6,4,2,1,1,1,1,0,0,0,0,0.00
Public Method,net.objecthunter.exp4j.ExpressionBuilderTest.testSecondArgumentNegative.(Anon_43).apply(double...),1,3,0,3,0,2,0,2,1,0,1,2,1,1,1,1,1,1,0,0,0,0,0.00
Public Method,net.objecthunter.exp4j.ExpressionBuilderTest.testSignum(),0,25,5,20,3,18,0,4,1,0,12,13,2,11,1,1,1,1,0,0,0,0,0.00
Public Method,net.objecthunter.exp4j.ExpressionBuilderTest.testSpaceBetweenNumbers(),0,4,0,4,3,2,0,2,1,0,1,2,2,0,1,1,1,1,0,0,0,0,0.00
Public Method,net.objecthunter.exp4j.ExpressionBuilderTest.testTwoAdjacentOperators(),1,28,3,25,8,18,0,5,1,0,12,17,8,9,1,1,1,1,0,0,0,0,0.00
Public Method,net.objecthunter.exp4j.ExpressionBuilderTest.testTwoAdjacentOperators.(Anon_44).apply(double...),1,14,0,14,2,10,0,1,8,1,8,12,4,8,4,4,4,1,0,0,1,0,0.00
Public Method,net.objecthunter.exp4j.ExpressionBuilderTest.testUnaryMinus(),0,5,0,5,3,3,0,4,1,0,2,3,2,1,1,1,1,1,0,0,0,0,0.00
Public Method,net.objecthunter.exp4j.ExpressionBuilderTest.testUnaryMinusInParenthesisSpace(),0,5,0,5,3,3,0,4,1,0,3,4,3,1,1,1,1,1,0,0,0,0,0.00
Public Method,net.objecthunter.exp4j.ExpressionBuilderTest.testUnaryMinusPowerPrecedence(),0,5,0,5,3,3,0,4,1,0,2,3,2,1,1,1,1,1,0,0,0,0,0.00
Public Method,net.objecthunter.exp4j.ExpressionBuilderTest.testUnaryMinusSpace(),0,5,0,5,3,3,0,4,1,0,3,4,3,1,1,1,1,1,0,0,0,0,0.00
Public Method,net.objecthunter.exp4j.ExpressionBuilderTest.testUnaryMinusSpace1(),0,5,0,5,3,3,0,4,1,0,3,4,3,1,1,1,1,1,0,0,0,0,0.00
Public Method,net.objecthunter.exp4j.ExpressionBuilderTest.testUnaryMinusSpaces(),0,5,0,5,3,3,0,4,1,0,3,4,3,1,1,1,1,1,0,0,0,0,0.00
Public Method,net.objecthunter.exp4j.ExpressionBuilderTest.testUnicodeVariable1(),1,7,0,7,3,5,0,6,1,0,2,3,2,1,1,1,1,1,0,0,0,0,0.00
Public Method,net.objecthunter.exp4j.ExpressionBuilderTest.testUnicodeVariable2(),1,7,0,7,3,5,0,7,1,0,2,3,2,1,1,1,1,1,0,0,0,0,0.00
Public Method,net.objecthunter.exp4j.ExpressionBuilderTest.testUnicodeVariable3(),1,16,2,14,5,10,0,8,1,0,4,6,4,2,1,1,1,1,0,0,0,0,0.00
Public Method,net.objecthunter.exp4j.ExpressionBuilderTest.testUnicodeVariable3.(Anon_41).apply(double...),1,3,0,3,0,2,0,2,1,0,1,2,1,1,1,1,1,1,0,0,0,0,0.00
Public Method,net.objecthunter.exp4j.ExpressionBuilderTest.testUnicodeVariable4(),2,17,2,15,5,11,0,8,1,0,4,6,4,2,1,1,1,1,0,0,0,0,0.00
Public Method,net.objecthunter.exp4j.ExpressionBuilderTest.testUnicodeVariable4.(Anon_42).apply(double...),1,3,0,3,0,2,0,2,1,0,1,2,1,1,1,1,1,1,0,0,0,0,0.00
Public Method,net.objecthunter.exp4j.ExpressionBuilderTest.testValidationDocExample(),0,12,1,11,4,9,0,11,1,0,7,8,3,5,1,1,1,1,0,0,0,0,0.00
Public Method,net.objecthunter.exp4j.ExpressionBuilderTest.testVarMap(),0,11,0,11,5,9,0,8,1,0,6,7,4,3,1,1,1,1,0,0,0,0,0.00
Public Method,net.objecthunter.exp4j.ExpressionBuilderTest.testVariableWithDot(),0,8,0,8,3,6,0,6,1,0,2,3,2,1,1,1,1,1,0,0,0,0,0.00
Public Method,net.objecthunter.exp4j.ExpressionBuilderTest.testVarname1(),0,8,0,8,4,6,0,6,1,0,3,4,3,1,1,1,1,1,0,0,0,0,0.00
Public Method,net.objecthunter.exp4j.ExpressionTest.evaluateFamily(),0,21,0,21,5,16,0,5,2,0,10,14,6,8,2,2,2,1,0,0,0,0,0.00
Public Method,net.objecthunter.exp4j.ExpressionTest.evaluateFamily.(for_loop_4).(Anon_4).run(),1,10,0,10,1,8,0,7,2,0,5,7,2,5,2,2,2,1,1,0,1,0,0.00
Public Method,net.objecthunter.exp4j.ExpressionTest.testCotangent1(),0,6,1,5,3,3,0,5,1,0,2,3,2,1,1,1,1,1,0,0,0,0,0.00
Public Method,net.objecthunter.exp4j.ExpressionTest.testExpression1(),0,9,0,9,4,6,0,6,1,0,3,4,3,1,1,1,1,1,0,0,0,0,0.00
Public Method,net.objecthunter.exp4j.ExpressionTest.testExpression2(),0,8,0,8,4,5,0,6,1,0,3,4,3,1,1,1,1,1,0,0,0,0,0.00
Public Method,net.objecthunter.exp4j.ExpressionTest.testFactorial(),1,92,14,78,7,71,0,8,1,0,42,47,7,40,1,1,1,1,0,0,0,0,0.00
Public Method,net.objecthunter.exp4j.ExpressionTest.testFactorial.(Anon_1).apply(double...),1,14,0,14,2,10,0,1,8,1,8,12,4,8,4,4,4,1,0,0,1,0,0.00
Public Method,net.objecthunter.exp4j.ExpressionTest.testGetVariableNames1(),0,10,1,9,4,6,0,7,1,0,3,4,3,1,1,1,1,1,0,0,0,0,0.00
Public Method,net.objecthunter.exp4j.ExpressionTest.testInvalidCotangent1(),0,6,1,5,3,3,0,3,1,0,2,3,2,1,1,1,1,1,0,0,0,0,0.00
Public Method,net.objecthunter.exp4j.ExpressionTest.testInvalidFactorial2(),1,23,2,21,6,14,0,5,1,0,11,16,7,9,1,1,1,1,0,0,0,0,0.00
Public Method,net.objecthunter.exp4j.ExpressionTest.testInvalidFactorial2.(Anon_3).apply(double...),1,14,0,14,2,10,0,1,8,1,8,12,4,8,4,4,4,1,0,0,1,0,0.00
Public Method,net.objecthunter.exp4j.ExpressionTest.testOperatorFactorial2(),1,23,2,21,6,14,0,5,1,0,11,16,7,9,1,1,1,1,0,0,0,0,0.00
Public Method,net.objecthunter.exp4j.ExpressionTest.testOperatorFactorial2.(Anon_2).apply(double...),1,14,0,14,2,10,0,1,8,1,8,12,4,8,4,4,4,1,0,0,1,0,0.00
Public Method,net.objecthunter.exp4j.ExpressionValidateTest.(Anon_1).apply(double...),1,3,0,3,0,2,0,1,1,0,1,2,1,1,1,1,1,1,0,0,0,0,0.00
Public Method,net.objecthunter.exp4j.ExpressionValidateTest.(Anon_2).apply(double...),1,3,0,3,0,2,0,1,1,0,1,2,1,1,1,1,1,1,0,0,0,0,0.00
Public Method,net.objecthunter.exp4j.ExpressionValidateTest.(Anon_3).apply(double...),1,7,0,7,1,5,0,1,2,0,3,6,3,3,2,2,2,1,0,0,1,0,0.00
Public Method,net.objecthunter.exp4j.ExpressionValidateTest.testNoArgFunctionValidation(),0,27,3,24,5,20,0,6,1,0,10,12,4,8,1,1,1,1,0,0,0,0,0.00
Public Method,net.objecthunter.exp4j.ExpressionValidateTest.testNoArgFunctionValidation.(Anon_4).apply(double...),0,3,0,3,0,2,0,2,1,0,1,2,1,1,1,1,1,1,0,0,0,0,0.00
Public Method,net.objecthunter.exp4j.ExpressionValidateTest.testValidateFunction(),0,7,0,7,4,5,0,6,1,0,3,4,3,1,1,1,1,1,0,0,0,0,0.00
Public Method,net.objecthunter.exp4j.ExpressionValidateTest.testValidateFunctionAndOperator(),0,7,0,7,4,5,0,6,1,0,3,4,3,1,1,1,1,1,0,0,0,0,0.00
Public Method,net.objecthunter.exp4j.ExpressionValidateTest.testValidateFunctionNegative(),0,7,0,7,4,5,0,6,1,0,3,4,3,1,1,1,1,1,0,0,0,0,0.00
Public Method,net.objecthunter.exp4j.ExpressionValidateTest.testValidateFunctionPositive(),0,7,0,7,4,5,0,6,1,0,3,4,3,1,1,1,1,1,0,0,0,0,0.00
Public Method,net.objecthunter.exp4j.ExpressionValidateTest.testValidateFunctionWithSevenArguments(),1,7,0,7,4,5,0,6,1,0,3,4,3,1,1,1,1,1,0,0,0,0,0.00
Public Method,net.objecthunter.exp4j.ExpressionValidateTest.testValidateFunctionWithSevenArgumentsAndoperator(),1,7,0,7,4,5,0,6,1,0,3,4,3,1,1,1,1,1,0,0,0,0,0.00
Public Method,net.objecthunter.exp4j.ExpressionValidateTest.testValidateFunctionWithThreeArguments(),1,8,0,8,4,6,0,7,1,0,3,4,3,1,1,1,1,1,0,0,0,0,0.00
Public Method,net.objecthunter.exp4j.ExpressionValidateTest.testValidateFunctionWithThreeArgumentsAndOperator(),1,8,0,8,4,6,0,7,1,0,3,4,3,1,1,1,1,1,0,0,0,0,0.00
Public Method,net.objecthunter.exp4j.ExpressionValidateTest.testValidateFunctionWithTwoAndThreeArguments(),2,8,0,8,4,6,0,7,1,0,3,4,3,1,1,1,1,1,0,0,0,0,0.00
Public Method,net.objecthunter.exp4j.ExpressionValidateTest.testValidateFunctionWithTwoAndThreeArgumentsAndMultipleOperator(),2,8,0,8,4,6,0,7,1,0,3,4,3,1,1,1,1,1,0,0,0,0,0.00
Public Method,net.objecthunter.exp4j.ExpressionValidateTest.testValidateFunctionWithTwoAndThreeArgumentsAndOperator(),2,8,0,8,4,6,0,7,1,0,3,4,3,1,1,1,1,1,0,0,0,0,0.00
Public Method,net.objecthunter.exp4j.ExpressionValidateTest.testValidateFunctionWithTwoArguments(),1,8,0,8,4,6,0,7,1,0,3,4,3,1,1,1,1,1,0,0,0,0,0.00
Public Method,net.objecthunter.exp4j.ExpressionValidateTest.testValidateFunctionWithTwoArgumentsAndOperator(),1,8,0,8,4,6,0,7,1,0,3,4,3,1,1,1,1,1,0,0,0,0,0.00
Public Method,net.objecthunter.exp4j.ExpressionValidateTest.testValidateInvalidFunction(),0,6,0,6,4,4,0,5,1,0,3,4,3,1,1,1,1,1,0,0,0,0,0.00
Public Method,net.objecthunter.exp4j.ExpressionValidateTest.testValidateInvalidFunctionWithManyArguments(),1,7,0,7,4,5,0,6,1,0,3,4,3,1,1,1,1,1,0,0,0,0,0.00
Public Method,net.objecthunter.exp4j.ExpressionValidateTest.testValidateInvalidFunctionWithTooFewArguments(),1,7,0,7,4,5,0,6,1,0,3,4,3,1,1,1,1,1,0,0,0,0,0.00
Public Method,net.objecthunter.exp4j.ExpressionValidateTest.testValidateInvalidFunctionWithTooFewArgumentsAndOperands(),1,7,0,7,4,5,0,6,1,0,3,4,3,1,1,1,1,1,0,0,0,0,0.00
Public Method,net.objecthunter.exp4j.ExpressionValidateTest.testValidateInvalidOperand(),0,6,0,6,4,4,0,5,1,0,3,4,3,1,1,1,1,1,0,0,0,0,0.00
Public Method,net.objecthunter.exp4j.ExpressionValidateTest.testValidateInvalidOperator(),0,6,0,6,4,4,0,5,1,0,3,4,3,1,1,1,1,1,0,0,0,0,0.00
Public Method,net.objecthunter.exp4j.ExpressionValidateTest.testValidateNumber(),0,6,0,6,4,4,0,5,1,0,3,4,3,1,1,1,1,1,0,0,0,0,0.00
Public Method,net.objecthunter.exp4j.ExpressionValidateTest.testValidateNumberNegative(),0,6,0,6,4,4,0,5,1,0,3,4,3,1,1,1,1,1,0,0,0,0,0.00
Public Method,net.objecthunter.exp4j.ExpressionValidateTest.testValidateNumberPositive(),0,6,0,6,4,4,0,5,1,0,3,4,3,1,1,1,1,1,0,0,0,0,0.00
Public Method,net.objecthunter.exp4j.ExpressionValidateTest.testValidateOperator(),0,7,0,7,4,5,0,6,1,0,3,4,3,1,1,1,1,1,0,0,0,0,0.00
Public Method,net.objecthunter.exp4j.FunctionsTest.testCheckFunctionNames(),0,26,1,25,1,23,0,3,1,0,23,24,1,23,1,1,1,1,0,0,0,0,0.00
Public Method,net.objecthunter.exp4j.FunctionsTest.testFunctionNameEmpty(),0,8,0,8,3,4,0,0,1,0,2,4,3,1,1,1,1,1,0,0,0,0,0.00
Public Method,net.objecthunter.exp4j.FunctionsTest.testFunctionNameEmpty.(Anon_2).apply(double...),0,3,0,3,0,2,0,1,1,0,1,2,1,1,1,1,1,1,0,0,0,0,0.00
Public Method,net.objecthunter.exp4j.FunctionsTest.testFunctionNameNegativeArgs(),0,8,0,8,3,4,0,0,1,0,2,4,3,1,1,1,1,1,0,0,0,0,0.00
Public Method,net.objecthunter.exp4j.FunctionsTest.testFunctionNameNegativeArgs.(Anon_4).apply(double...),0,3,0,3,0,2,0,1,1,0,1,2,1,1,1,1,1,1,0,0,0,0,0.00
Public Method,net.objecthunter.exp4j.FunctionsTest.testFunctionNameNull(),0,8,0,8,3,4,0,0,1,0,2,4,3,1,1,1,1,1,0,0,0,0,0.00
Public Method,net.objecthunter.exp4j.FunctionsTest.testFunctionNameNull.(Anon_1).apply(double...),0,3,0,3,0,2,0,1,1,0,1,2,1,1,1,1,1,1,0,0,0,0,0.00
Public Method,net.objecthunter.exp4j.FunctionsTest.testFunctionNameZeroArgs(),0,9,0,9,3,5,0,2,1,0,3,5,3,2,1,1,1,1,0,0,0,0,0.00
Public Method,net.objecthunter.exp4j.FunctionsTest.testFunctionNameZeroArgs.(Anon_3).apply(double...),0,3,0,3,0,2,0,1,1,0,1,2,1,1,1,1,1,1,0,0,0,0,0.00
Public Method,net.objecthunter.exp4j.FunctionsTest.testGetAllowedFunctionChars(),1,58,0,58,2,56,0,5,1,0,56,57,2,55,1,1,1,1,0,0,0,0,0.00
Public Method,net.objecthunter.exp4j.FunctionsTest.testIllegalFunctionName1(),0,8,0,8,3,4,0,0,1,0,2,4,3,1,1,1,1,1,0,0,0,0,0.00
Public Method,net.objecthunter.exp4j.FunctionsTest.testIllegalFunctionName1.(Anon_5).apply(double...),0,3,0,3,0,2,0,1,1,0,1,2,1,1,1,1,1,1,0,0,0,0,0.00
Public Method,net.objecthunter.exp4j.FunctionsTest.testIllegalFunctionName2(),0,8,0,8,3,4,0,0,1,0,2,4,3,1,1,1,1,1,0,0,0,0,0.00
Public Method,net.objecthunter.exp4j.FunctionsTest.testIllegalFunctionName2.(Anon_6).apply(double...),0,3,0,3,0,2,0,1,1,0,1,2,1,1,1,1,1,1,0,0,0,0,0.00
Public Method,net.objecthunter.exp4j.FunctionsTest.testIllegalFunctionName3(),0,8,0,8,3,4,0,0,1,0,2,4,3,1,1,1,1,1,0,0,0,0,0.00
Public Method,net.objecthunter.exp4j.FunctionsTest.testIllegalFunctionName3.(Anon_7).apply(double...),0,3,0,3,0,2,0,1,1,0,1,2,1,1,1,1,1,1,0,0,0,0,0.00
Private Method,net.objecthunter.exp4j.PerformanceTest.benchDouble(),3,18,0,18,9,14,0,8,2,0,12,14,8,6,2,2,2,1,0,0,1,0,0.00
Private Method,net.objecthunter.exp4j.PerformanceTest.benchJavaMath(),2,15,0,15,6,11,0,7,2,0,11,13,6,7,2,2,2,1,0,0,1,0,0.00
Private Method,net.objecthunter.exp4j.PerformanceTest.benchJavaScript(),2,24,0,24,8,19,0,6,3,0,17,20,8,12,3,3,3,1,1,0,2,0,0.00
Public Method,net.objecthunter.exp4j.PerformanceTest.testBenches(),1,27,3,24,9,22,0,7,1,0,22,23,9,14,1,1,1,1,0,0,0,0,0.00
Public Static Method,net.objecthunter.exp4j.TestUtil.assertCloseParenthesesToken(Token),11,3,0,3,1,1,0,2,1,0,1,2,1,1,1,1,1,1,0,0,0,0,0.00
Public Static Method,net.objecthunter.exp4j.TestUtil.assertFunctionSeparatorToken(Token),3,3,0,3,1,1,0,2,1,0,1,2,1,1,1,1,1,1,0,0,0,0,0.00
Public Static Method,"net.objecthunter.exp4j.TestUtil.assertFunctionToken(Token,String,int)",12,6,0,6,2,4,0,5,1,0,4,5,2,3,1,1,1,1,0,0,0,0,0.00
Public Static Method,"net.objecthunter.exp4j.TestUtil.assertNumberToken(Token,double)",32,4,0,4,1,2,0,3,1,0,2,3,1,2,1,1,1,1,0,0,0,0,0.00
Public Static Method,net.objecthunter.exp4j.TestUtil.assertOpenParenthesesToken(Token),11,3,0,3,1,1,0,2,1,0,1,2,1,1,1,1,1,1,0,0,0,0,0.00
Public Static Method,"net.objecthunter.exp4j.TestUtil.assertOperatorToken(Token,String,int,int)",29,6,0,6,1,4,0,6,1,0,4,5,1,4,1,1,1,1,0,0,0,0,0.00
Public Static Method,"net.objecthunter.exp4j.TestUtil.assertVariableToken(Token,String)",10,4,0,4,1,2,0,3,1,0,2,3,1,2,1,1,1,1,0,0,0,0,0.00
Public Constructor,"net.objecthunter.exp4j.ValidationResult.ValidationResult(boolean,List<String>)",3,9,0,4,1,2,5,3,1,0,2,3,1,2,1,1,1,1,0,0,0,0,1.25
Public Method,net.objecthunter.exp4j.ValidationResult.getErrors(),10,7,0,3,1,1,4,1,1,0,1,2,1,1,1,1,1,1,0,0,0,0,1.33
Public Method,net.objecthunter.exp4j.ValidationResult.isValid(),39,7,0,3,1,1,4,1,1,0,1,2,1,1,1,1,1,1,0,0,0,0,1.33
Public Constructor,net.objecthunter.exp4j.function.Function.Function(String),1,8,0,3,1,1,5,2,1,0,1,2,1,1,1,1,1,1,0,0,0,0,1.67
Public Constructor,"net.objecthunter.exp4j.function.Function.Function(String,int)",3,18,1,11,1,7,6,4,4,1,4,7,1,6,3,3,3,1,0,0,1,0,0.55
Public Abstract Method,net.objecthunter.exp4j.function.Function.apply(double...),2,7,0,1,1,0,6,1,0,0,1,1,1,0,0,0,0,0,0,0,0,0,6.00
Public Static Method,net.objecthunter.exp4j.function.Function.getAllowedFunctionCharacters(),1,19,0,12,3,8,7,1,4,1,10,13,5,8,3,3,3,1,0,0,1,0,0.58
Public Method,net.objecthunter.exp4j.function.Function.getName(),9,8,0,3,1,1,5,1,1,0,1,2,1,1,1,1,1,1,0,0,0,0,1.67
Public Method,net.objecthunter.exp4j.function.Function.getNumArguments(),5,8,0,3,1,1,5,1,1,0,1,2,1,1,1,1,1,1,0,0,0,0,1.67
Public Static Method,net.objecthunter.exp4j.function.Function.isValidFunctionName(String),3,22,3,19,3,13,0,5,6,1,10,16,4,12,6,6,8,6,5,5,2,5,0.00
Public Method,net.objecthunter.exp4j.function.Functions.(Anon_1).apply(double...),1,3,0,3,0,2,0,2,1,0,1,2,1,1,1,1,1,1,0,0,0,0,0.00
Public Method,net.objecthunter.exp4j.function.Functions.(Anon_10).apply(double...),1,3,0,3,0,2,0,2,1,0,1,2,1,1,1,1,1,1,0,0,0,0,0.00
Public Method,net.objecthunter.exp4j.function.Functions.(Anon_11).apply(double...),1,3,0,3,0,2,0,2,1,0,1,2,1,1,1,1,1,1,0,0,0,0,0.00
Public Method,net.objecthunter.exp4j.function.Functions.(Anon_12).apply(double...),1,3,0,3,0,2,0,2,1,0,1,2,1,1,1,1,1,1,0,0,0,0,0.00
Public Method,net.objecthunter.exp4j.function.Functions.(Anon_13).apply(double...),1,3,0,3,0,2,0,2,1,0,1,2,1,1,1,1,1,1,0,0,0,0,0.00
Public Method,net.objecthunter.exp4j.function.Functions.(Anon_14).apply(double...),1,3,0,3,0,2,0,2,1,0,1,2,1,1,1,1,1,1,0,0,0,0,0.00
Public Method,net.objecthunter.exp4j.function.Functions.(Anon_15).apply(double...),1,3,0,3,0,2,0,2,1,0,1,2,1,1,1,1,1,1,0,0,0,0,0.00
Public Method,net.objecthunter.exp4j.function.Functions.(Anon_16).apply(double...),1,3,0,3,0,2,0,2,1,0,1,2,1,1,1,1,1,1,0,0,0,0,0.00
Public Method,net.objecthunter.exp4j.function.Functions.(Anon_17).apply(double...),1,3,0,3,0,2,0,2,1,0,1,2,1,1,1,1,1,1,0,0,0,0,0.00
Public Method,net.objecthunter.exp4j.function.Functions.(Anon_18).apply(double...),1,3,0,3,0,2,0,2,1,0,1,2,1,1,1,1,1,1,0,0,0,0,0.00
Public Method,net.objecthunter.exp4j.function.Functions.(Anon_19).apply(double...),1,3,0,3,0,2,0,2,1,0,1,2,1,1,1,1,1,1,0,0,0,0,0.00
Public Method,net.objecthunter.exp4j.function.Functions.(Anon_2).apply(double...),1,3,0,3,0,2,0,2,1,0,1,2,1,1,1,1,1,1,0,0,0,0,0.00
Public Method,net.objecthunter.exp4j.function.Functions.(Anon_20).apply(double...),1,3,0,3,0,2,0,2,1,0,1,2,1,1,1,1,1,1,0,0,0,0,0.00
Public Method,net.objecthunter.exp4j.function.Functions.(Anon_21).apply(double...),1,3,0,3,0,2,0,2,1,0,1,2,1,1,1,1,1,1,0,0,0,0,0.00
Public Method,net.objecthunter.exp4j.function.Functions.(Anon_22).apply(double...),1,3,0,3,0,2,0,2,1,0,1,2,1,1,1,1,1,1,0,0,0,0,0.00
Public Method,net.objecthunter.exp4j.function.Functions.(Anon_23).apply(double...),1,9,0,9,0,7,0,1,3,0,3,6,1,5,3,3,3,3,2,2,1,2,0.00
Public Method,net.objecthunter.exp4j.function.Functions.(Anon_3).apply(double...),1,3,0,3,0,2,0,2,1,0,1,2,1,1,1,1,1,1,0,0,0,0,0.00
Public Method,net.objecthunter.exp4j.function.Functions.(Anon_4).apply(double...),1,7,0,7,1,5,0,2,2,0,3,5,2,3,2,2,2,1,0,0,1,0,0.00
Public Method,net.objecthunter.exp4j.function.Functions.(Anon_5).apply(double...),1,3,0,3,0,2,0,2,1,0,1,2,1,1,1,1,1,1,0,0,0,0,0.00
Public Method,net.objecthunter.exp4j.function.Functions.(Anon_6).apply(double...),1,3,0,3,0,2,0,2,1,0,1,2,1,1,1,1,1,1,0,0,0,0,0.00
Public Method,net.objecthunter.exp4j.function.Functions.(Anon_7).apply(double...),1,3,0,3,0,2,0,2,1,0,1,2,1,1,1,1,1,1,0,0,0,0,0.00
Public Method,net.objecthunter.exp4j.function.Functions.(Anon_8).apply(double...),1,3,0,3,0,2,0,2,1,0,1,2,1,1,1,1,1,1,0,0,0,0,0.00
Public Method,net.objecthunter.exp4j.function.Functions.(Anon_9).apply(double...),1,3,0,3,0,2,0,2,1,0,1,2,1,1,1,1,1,1,0,0,0,0,0.00
Public Static Method,net.objecthunter.exp4j.function.Functions.getBuiltinFunction(String),29,57,1,51,1,48,5,2,24,1,24,48,1,47,24,24,24,24,23,23,1,23,0.10
Public Constructor,"net.objecthunter.exp4j.operator.Operator.Operator(String,int,boolean,int)",4,15,0,8,2,5,7,5,1,0,5,6,1,5,1,1,1,1,0,0,0,0,0.88
Public Abstract Method,net.objecthunter.exp4j.operator.Operator.apply(double...),1,6,0,1,1,0,5,1,0,0,1,1,1,0,0,0,0,0,0,0,0,0,5.00
Public Method,net.objecthunter.exp4j.operator.Operator.getNumOperands(),7,7,0,3,1,1,4,1,1,0,1,2,1,1,1,1,1,1,0,0,0,0,1.33
Public Method,net.objecthunter.exp4j.operator.Operator.getPrecedence(),4,7,0,3,1,1,4,1,1,0,1,2,1,1,1,1,1,1,0,0,0,0,1.33
Public Method,net.objecthunter.exp4j.operator.Operator.getSymbol(),6,7,0,3,1,1,4,1,1,0,1,2,1,1,1,1,1,1,0,0,0,0,1.33
Public Static Method,net.objecthunter.exp4j.operator.Operator.isAllowedOperatorChar(char),5,13,0,8,1,4,5,1,3,0,2,6,2,4,3,3,3,3,3,3,2,3,0.63
Public Method,net.objecthunter.exp4j.operator.Operator.isLeftAssociative(),3,7,0,3,1,1,4,1,1,0,1,2,1,1,1,1,1,1,0,0,0,0,1.33
Public Method,net.objecthunter.exp4j.operator.Operators.(Anon_1).apply(double...),1,3,0,3,0,2,0,1,1,0,1,2,1,1,1,1,1,1,0,0,0,0,0.00
Public Method,net.objecthunter.exp4j.operator.Operators.(Anon_2).apply(double...),1,3,0,3,0,2,0,1,1,0,1,2,1,1,1,1,1,1,0,0,0,0,0.00
Public Method,net.objecthunter.exp4j.operator.Operators.(Anon_3).apply(double...),1,3,0,3,0,2,0,1,1,0,1,2,1,1,1,1,1,1,0,0,0,0,0.00
Public Method,net.objecthunter.exp4j.operator.Operators.(Anon_4).apply(double...),1,3,0,3,0,2,0,1,1,0,1,2,1,1,1,1,1,1,0,0,0,0,0.00
Public Method,net.objecthunter.exp4j.operator.Operators.(Anon_5).apply(double...),1,3,0,3,0,2,0,1,1,0,1,2,1,1,1,1,1,1,0,0,0,0,0.00
Public Method,net.objecthunter.exp4j.operator.Operators.(Anon_6).apply(double...),1,6,0,6,0,4,0,1,2,0,2,4,1,3,2,2,2,1,0,0,1,0,0.00
Public Method,net.objecthunter.exp4j.operator.Operators.(Anon_7).apply(double...),1,3,0,3,0,2,0,2,1,0,1,2,1,1,1,1,1,1,0,0,0,0,0.00
Public Method,net.objecthunter.exp4j.operator.Operators.(Anon_8).apply(double...),1,6,0,6,0,4,0,1,2,0,2,4,1,3,2,2,2,1,0,0,1,0,0.00
Public Static Method,"net.objecthunter.exp4j.operator.Operators.getBuiltinOperator(char,int)",15,26,0,26,1,21,0,1,9,1,9,13,1,12,9,4,9,9,34,34,2,34,0.00
Public Static Method,"net.objecthunter.exp4j.shuntingyard.ShuntingYard.convertToRPN(String,Map<String,Function>,Map<String,Operator>,Set<String>,boolean)",22,73,1,64,9,51,8,18,51,2,29,41,8,33,18,12,26,11,27,26,4,24,0.13
Public Method,net.objecthunter.exp4j.shuntingyard.ShuntingYardTest.testShuntingYard1(),1,7,0,7,3,5,0,3,1,0,5,6,3,3,1,1,1,1,0,0,0,0,0.00
Public Method,net.objecthunter.exp4j.shuntingyard.ShuntingYardTest.testShuntingYard2(),1,7,0,7,3,5,0,5,1,0,5,6,3,3,1,1,1,1,0,0,0,0,0.00
Public Method,net.objecthunter.exp4j.shuntingyard.ShuntingYardTest.testShuntingYard3(),1,6,0,6,3,4,0,3,1,0,4,5,3,2,1,1,1,1,0,0,0,0,0.00
Public Method,net.objecthunter.exp4j.shuntingyard.ShuntingYardTest.testShuntingYard4(),2,8,0,8,3,6,0,3,1,0,6,7,3,4,1,1,1,1,0,0,0,0,0.00
Public Method,net.objecthunter.exp4j.shuntingyard.ShuntingYardTest.testShuntingYard5(),2,8,0,8,3,6,0,3,1,0,6,7,3,4,1,1,1,1,0,0,0,0,0.00
Public Method,net.objecthunter.exp4j.shuntingyard.ShuntingYardTest.testShuntingYard6(),3,11,0,11,3,9,0,3,1,0,9,10,3,7,1,1,1,1,0,0,0,0,0.00
Public Method,net.objecthunter.exp4j.shuntingyard.ShuntingYardTest.testShuntingYard7(),2,29,1,28,8,21,0,4,1,0,18,23,9,14,1,1,1,1,0,0,0,0,0.00
Public Method,net.objecthunter.exp4j.shuntingyard.ShuntingYardTest.testShuntingYard7.(Anon_1).apply(double...),1,14,0,14,2,10,0,1,8,1,8,12,4,8,4,4,4,1,0,0,1,0,0.00
Public Method,net.objecthunter.exp4j.shuntingyard.ShuntingYardTest.testShuntingYard8(),2,8,0,8,3,6,0,3,1,0,6,7,3,4,1,1,1,1,0,0,0,0,0.00
Public Method,net.objecthunter.exp4j.shuntingyard.ShuntingYardTest.testShuntingYard9(),1,16,0,16,5,11,0,4,1,0,8,11,5,6,1,1,1,1,0,0,0,0,0.00
Public Method,net.objecthunter.exp4j.shuntingyard.ShuntingYardTest.testShuntingYard9.(Anon_2).apply(double...),1,6,0,6,0,4,0,1,2,0,2,4,1,3,2,2,2,1,0,0,1,0,0.00
Constructor,net.objecthunter.exp4j.tokenizer.ArgumentSeparatorToken.ArgumentSeparatorToken(),2,6,0,3,1,1,3,2,1,0,1,2,1,1,1,1,1,1,0,0,0,0,1.00
Constructor,net.objecthunter.exp4j.tokenizer.CloseParenthesesToken.CloseParenthesesToken(),2,6,0,3,1,1,3,2,1,0,1,2,1,1,1,1,1,1,0,0,0,0,1.00
Public Constructor,net.objecthunter.exp4j.tokenizer.FunctionToken.FunctionToken(Function),4,4,0,4,1,2,0,3,1,0,2,3,1,2,1,1,1,1,0,0,0,0,0.00
Public Method,net.objecthunter.exp4j.tokenizer.FunctionToken.getFunction(),4,3,0,3,1,1,0,1,1,0,1,2,1,1,1,1,1,1,0,0,0,0,0.00
Constructor,"net.objecthunter.exp4j.tokenizer.NumberToken.NumberToken(char[],int,int)",4,3,0,3,1,1,0,4,1,0,1,2,1,1,1,1,1,1,0,0,0,0,0.00
Public Constructor,net.objecthunter.exp4j.tokenizer.NumberToken.NumberToken(double),6,8,0,4,1,2,4,3,1,0,2,3,1,2,1,1,1,1,0,0,0,0,1.00
Public Method,net.objecthunter.exp4j.tokenizer.NumberToken.getValue(),3,7,0,3,1,1,4,1,1,0,1,2,1,1,1,1,1,1,0,0,0,0,1.33
Constructor,net.objecthunter.exp4j.tokenizer.OpenParenthesesToken.OpenParenthesesToken(),2,3,0,3,1,1,0,2,1,0,1,2,1,1,1,1,1,1,0,0,0,0,0.00
Public Constructor,net.objecthunter.exp4j.tokenizer.OperatorToken.OperatorToken(Operator),6,11,0,7,1,4,4,3,2,0,3,5,1,4,2,2,2,1,0,0,1,0,0.57
Public Method,net.objecthunter.exp4j.tokenizer.OperatorToken.getOperator(),6,7,0,3,1,1,4,1,1,0,1,2,1,1,1,1,1,1,0,0,0,0,1.33
Constructor,net.objecthunter.exp4j.tokenizer.Token.Token(int),8,3,0,3,1,1,0,2,1,0,1,2,1,1,1,1,1,1,0,0,0,0,0.00
Public Method,net.objecthunter.exp4j.tokenizer.Token.getType(),14,3,0,3,1,1,0,1,1,0,1,2,1,1,1,1,1,1,0,0,0,0,0.00
Public Constructor,"net.objecthunter.exp4j.tokenizer.Tokenizer.Tokenizer(String,Map<String,Function>,Map<String,Operator>,Set<String>)",34,9,0,9,2,6,0,9,1,0,6,7,1,6,1,1,1,1,0,0,0,0,0.00
Public Constructor,"net.objecthunter.exp4j.tokenizer.Tokenizer.Tokenizer(String,Map<String,Function>,Map<String,Operator>,Set<String>,boolean)",8,9,0,9,2,6,0,9,1,0,6,7,1,6,1,1,1,1,0,0,0,0,0.00
Private Method,net.objecthunter.exp4j.tokenizer.Tokenizer.getFunction(String),3,10,0,10,2,6,0,3,4,1,4,7,2,5,3,3,3,1,0,0,1,0,0.00
Private Method,net.objecthunter.exp4j.tokenizer.Tokenizer.getOperator(String),7,25,1,24,5,17,0,9,12,1,10,17,5,12,7,7,11,1,2,0,4,0,0.00
Public Method,net.objecthunter.exp4j.tokenizer.Tokenizer.hasNext(),25,3,0,3,1,1,0,1,1,0,1,2,1,1,1,1,1,1,0,0,0,0,0.00
Public Static Method,net.objecthunter.exp4j.tokenizer.Tokenizer.isAlphabetic(int),3,3,0,3,1,1,0,2,1,0,1,2,1,1,1,1,1,1,0,0,0,0,0.00
Private Method,net.objecthunter.exp4j.tokenizer.Tokenizer.isArgumentSeparator(char),2,3,0,3,1,1,0,1,1,0,1,2,1,1,1,1,1,1,0,0,0,0,0.00
Private Method,net.objecthunter.exp4j.tokenizer.Tokenizer.isCloseParentheses(char),2,3,0,3,1,1,0,1,1,0,1,2,1,1,1,1,3,1,0,0,0,0,0.00
Private Method,net.objecthunter.exp4j.tokenizer.Tokenizer.isEndOfExpression(int),5,3,0,3,1,1,0,1,1,0,1,2,1,1,1,1,1,1,0,0,0,0,0.00
Private Static Method,"net.objecthunter.exp4j.tokenizer.Tokenizer.isNumeric(char,boolean)",3,4,0,4,1,2,0,2,1,0,1,2,1,1,1,1,7,1,0,0,0,0,0.00
Private Method,net.objecthunter.exp4j.tokenizer.Tokenizer.isOpenParentheses(char),2,3,0,3,1,1,0,1,1,0,1,2,1,1,1,1,3,1,0,0,0,0,0.00
Public Static Method,net.objecthunter.exp4j.tokenizer.Tokenizer.isVariableOrFunctionCharacter(int),2,6,0,6,1,4,0,3,1,0,1,2,1,1,1,1,4,1,0,0,0,0,0.00
Public Method,net.objecthunter.exp4j.tokenizer.Tokenizer.nextToken(),38,52,1,47,2,39,4,18,24,1,16,29,2,27,13,13,29,12,15,15,3,15,0.09
Private Method,net.objecthunter.exp4j.tokenizer.Tokenizer.parseArgumentSeparatorToken(char),2,5,0,5,1,3,0,4,1,0,3,4,1,3,1,1,1,1,0,0,0,0,0.00
Private Method,net.objecthunter.exp4j.tokenizer.Tokenizer.parseFunctionOrVariable(),5,33,0,33,8,25,0,10,16,1,19,25,8,17,6,6,8,1,1,0,3,0,0.00
Private Method,net.objecthunter.exp4j.tokenizer.Tokenizer.parseNumberToken(char),5,23,0,21,3,16,2,9,5,1,11,15,3,12,4,4,7,1,1,0,1,0,0.10
Private Method,net.objecthunter.exp4j.tokenizer.Tokenizer.parseOperatorToken(char),5,25,3,22,6,17,0,11,6,1,13,17,6,11,4,4,5,3,3,2,2,1,0.00
Private Method,net.objecthunter.exp4j.tokenizer.Tokenizer.parseParentheses(boolean),3,9,0,9,1,6,0,5,2,0,4,6,1,5,2,2,2,1,1,0,1,0,0.00
Public Method,net.objecthunter.exp4j.tokenizer.TokenizerTest.testTokenization1(),0,4,0,4,2,2,0,3,1,0,2,3,2,1,1,1,1,1,0,0,0,0,0.00
Public Method,net.objecthunter.exp4j.tokenizer.TokenizerTest.testTokenization10(),4,32,10,22,2,20,0,7,1,0,20,21,2,19,1,1,1,1,0,0,0,0,0.00
Public Method,net.objecthunter.exp4j.tokenizer.TokenizerTest.testTokenization11(),1,11,3,8,2,6,0,7,1,0,6,7,2,5,1,1,1,1,0,0,0,0,0.00
Public Method,net.objecthunter.exp4j.tokenizer.TokenizerTest.testTokenization12(),0,17,5,12,2,10,0,9,1,0,10,11,2,9,1,1,1,1,0,0,0,0,0.00
Public Method,net.objecthunter.exp4j.tokenizer.TokenizerTest.testTokenization13(),0,8,2,6,2,4,0,7,1,0,4,5,2,3,1,1,1,1,0,0,0,0,0.00
Public Method,net.objecthunter.exp4j.tokenizer.TokenizerTest.testTokenization14(),2,29,9,20,2,18,0,12,1,0,18,19,2,17,1,1,1,1,0,0,0,0,0.00
Public Method,net.objecthunter.exp4j.tokenizer.TokenizerTest.testTokenization15(),2,29,9,20,2,18,0,12,1,0,18,19,2,17,1,1,1,1,0,0,0,0,0.00
Public Method,net.objecthunter.exp4j.tokenizer.TokenizerTest.testTokenization16(),3,32,10,22,2,20,0,12,1,0,20,21,2,19,1,1,1,1,0,0,0,0,0.00
Public Method,net.objecthunter.exp4j.tokenizer.TokenizerTest.testTokenization17(),3,32,10,22,2,20,0,12,1,0,20,21,2,19,1,1,1,1,0,0,0,0,0.00
Public Method,net.objecthunter.exp4j.tokenizer.TokenizerTest.testTokenization18(),0,27,7,20,5,16,0,11,1,0,14,16,5,11,1,1,1,1,0,0,0,0,0.00
Public Method,net.objecthunter.exp4j.tokenizer.TokenizerTest.testTokenization18.(Anon_1).apply(double...),1,3,0,3,0,2,0,2,1,0,1,2,1,1,1,1,1,1,0,0,0,0,0.00
Public Method,net.objecthunter.exp4j.tokenizer.TokenizerTest.testTokenization19(),0,36,8,28,6,23,0,12,1,0,20,24,7,17,1,1,1,1,0,0,0,0,0.00
Public Method,net.objecthunter.exp4j.tokenizer.TokenizerTest.testTokenization19.(Anon_2).apply(double...),2,7,0,7,1,5,0,1,2,0,3,6,3,3,2,2,2,1,0,0,1,0,0.00
Public Method,net.objecthunter.exp4j.tokenizer.TokenizerTest.testTokenization2(),0,4,0,4,2,2,0,3,1,0,2,3,2,1,1,1,1,1,0,0,0,0,0.00
Public Method,net.objecthunter.exp4j.tokenizer.TokenizerTest.testTokenization20(),1,20,4,16,5,12,0,11,1,0,10,12,5,7,1,1,1,1,0,0,0,0,0.00
Public Method,net.objecthunter.exp4j.tokenizer.TokenizerTest.testTokenization20.(Anon_3).apply(double...),0,3,0,3,0,2,0,1,1,0,1,2,1,1,1,1,1,1,0,0,0,0,0.00
Public Method,net.objecthunter.exp4j.tokenizer.TokenizerTest.testTokenization21(),3,59,19,40,2,38,0,11,1,0,38,39,2,37,1,1,1,1,0,0,0,0,0.00
Public Method,net.objecthunter.exp4j.tokenizer.TokenizerTest.testTokenization22(),2,29,9,20,2,18,0,9,1,0,18,19,2,17,1,1,1,1,0,0,0,0,0.00
Public Method,net.objecthunter.exp4j.tokenizer.TokenizerTest.testTokenization3(),0,4,0,4,2,2,0,3,1,0,2,3,2,1,1,1,1,1,0,0,0,0,0.00
Public Method,net.objecthunter.exp4j.tokenizer.TokenizerTest.testTokenization4(),1,14,4,10,2,8,0,7,1,0,8,9,2,7,1,1,1,1,0,0,0,0,0.00
Public Method,net.objecthunter.exp4j.tokenizer.TokenizerTest.testTokenization5(),1,11,3,8,2,6,0,7,1,0,6,7,2,5,1,1,1,1,0,0,0,0,0.00
Public Method,net.objecthunter.exp4j.tokenizer.TokenizerTest.testTokenization6(),1,11,3,8,2,6,0,7,1,0,6,7,2,5,1,1,1,1,0,0,0,0,0.00
Public Method,net.objecthunter.exp4j.tokenizer.TokenizerTest.testTokenization7(),2,26,8,18,2,16,0,7,1,0,16,17,2,15,1,1,1,1,0,0,0,0,0.00
Public Method,net.objecthunter.exp4j.tokenizer.TokenizerTest.testTokenization8(),2,26,8,18,2,16,0,7,1,0,16,17,2,15,1,1,1,1,0,0,0,0,0.00
Public Method,net.objecthunter.exp4j.tokenizer.TokenizerTest.testTokenization9(),2,17,5,12,2,10,0,7,1,0,10,11,2,9,1,1,1,1,0,0,0,0,0.00
Public Method,net.objecthunter.exp4j.tokenizer.TokenizerUnknownTokenOrVariableTest.testTokenizationOfUnknownFunction(),0,6,0,6,2,3,0,3,2,0,2,4,2,2,2,2,2,1,0,0,1,0,0.00
Public Method,net.objecthunter.exp4j.tokenizer.TokenizerUnknownTokenOrVariableTest.testTokenizationOfUnknownFunction1Details(),1,15,2,13,2,10,3,7,2,0,8,10,2,8,2,2,2,1,1,0,1,0,0.23
Public Method,net.objecthunter.exp4j.tokenizer.TokenizerUnknownTokenOrVariableTest.testTokenizationOfUnknownFunction2Details(),1,13,2,11,2,8,1,7,2,0,6,8,2,6,2,2,2,1,1,0,1,0,0.09
Public Method,net.objecthunter.exp4j.tokenizer.TokenizerUnknownTokenOrVariableTest.testTokenizationOfUnknownVariable(),0,6,0,6,2,3,0,3,2,0,2,4,2,2,2,2,2,1,0,0,1,0,0.00
Public Method,net.objecthunter.exp4j.tokenizer.TokenizerUnknownTokenOrVariableTest.testTokenizationOfUnknownVariable1Details(),1,15,2,13,2,10,3,7,2,0,8,10,2,8,2,2,2,1,1,0,1,0,0.23
Public Method,net.objecthunter.exp4j.tokenizer.TokenizerUnknownTokenOrVariableTest.testTokenizationOfUnknownVariable2Details(),1,13,2,11,2,8,1,7,2,0,6,8,2,6,2,2,2,1,1,0,1,0,0.09
Public Constructor,"net.objecthunter.exp4j.tokenizer.UnknownFunctionOrVariableException.UnknownFunctionOrVariableException(String,int,int)",5,6,0,6,1,4,0,6,1,0,4,5,1,4,1,1,1,1,0,0,0,0,0.00
Public Method,net.objecthunter.exp4j.tokenizer.UnknownFunctionOrVariableException.getExpression(),5,6,0,3,1,1,3,1,1,0,1,2,1,1,1,1,1,1,0,0,0,0,1.00
Public Method,net.objecthunter.exp4j.tokenizer.UnknownFunctionOrVariableException.getMessage(),1,3,0,3,1,1,0,1,1,0,1,2,1,1,1,1,1,1,0,0,0,0,0.00
Public Method,net.objecthunter.exp4j.tokenizer.UnknownFunctionOrVariableException.getPosition(),5,6,0,3,1,1,3,1,1,0,1,2,1,1,1,1,1,1,0,0,0,0,1.00
Public Method,net.objecthunter.exp4j.tokenizer.UnknownFunctionOrVariableException.getToken(),5,6,0,3,1,1,3,1,1,0,1,2,1,1,1,1,1,1,0,0,0,0,1.00
Private Static Method,"net.objecthunter.exp4j.tokenizer.UnknownFunctionOrVariableException.token(String,int,int)",4,11,3,8,3,5,0,3,2,0,4,6,3,3,2,2,2,1,0,0,1,0,0.00
Public Constructor,net.objecthunter.exp4j.tokenizer.VariableToken.VariableToken(String),4,8,0,4,1,2,4,3,1,0,2,3,1,2,1,1,1,1,0,0,0,0,1.00
Public Method,net.objecthunter.exp4j.tokenizer.VariableToken.getName(),5,7,0,3,1,1,4,1,1,0,1,2,1,1,1,1,1,1,0,0,0,0,1.33
